"Colgate Total Anticavity, Antigingivitis and Antisensitivity Stannous",Toothpaste,active ingredients: stannous fluoride .454% (.15% w/v fluoride ion)  inactive ingredients: WATER  SORBITOL  HYDRATED SILICA  GLYCERIN  PEG-12  TETRASODIUM PYROPHOSPHATE  FLAVOR  SODIUM LAURYL SULFATE  ZINC PHOSPHATE  CELLULOSE GUM  SODIUM CITRATE  MICROCRYSTALLINE CELLULOSE  SODIUM SACCHARIN  COCAMIDOPROPYL BETAINE  XANTHAN GUM  CITRIC ACID  MICA  SUCRALOSE  BLUE 1  TITANIUM DIOXIDE.,9
"Too Faced, Hangover Pillow Balm, Ultra Hydrating & Nourishing Lip",Lip Balm,PETROLATUM  HYDROGENATED POLYISOBUTENE  BIS-DIGLYCERYL POLYACYLADIPATE-2  ETHYLENE/PROPYLENE/STYRENE COPOLYMER  OCTYLDODECANOL  POLYETHYLENE  VP/HEXADECENE COPOLYMER  TOCOPHERYL ACETATE  SODIUM HYALURONATE  BUTYROSPERMUM PARKII (SHEA) BUTTER  COCOS NUCIFERA (COCONUT) FRUIT JUICE  COCOS NUCIFERA (COCONUT) LIQUID ENDOSPERM  CUCUMIS SATIVUS (CUCUMBER) FRUIT EXTRACT  HELIANTHUS ANNUUS (SUNFLOWER) SEED EXTRACT  HORDEUM VULGARE (BARLEY) EXTRACTEXTRAIT D'ORGE  MANGIFERA INDICA (MANGO) SEED BUTTER  OLEA EUROPAEA (OLIVE) FRUIT OIL  PERSEA GRATISSIMA (AVOCADO) OIL  RICINUS COMMUNIS (CASTOR) SEED OIL  YOGURT POWDER  LACTOBACILLUS FERMENT  GLYCERIN  PHYTOSTEROLS  MENTHOL  POLYDECENE  PROPYLENE GLYCOL DICAPRATE  C12-15 ALKYL BENZOATE  WATERAQUAEAU  SORBITAN OLEATE  METEORITE POWDER  CHOLESTEROL  BUTYLENE/ETHYLENE/STYRENE COPOLYMER  SILICA  POLYGLYCERYL-10 HEPTAHYDROXYSTEARATE  HYDROGENATED CASTOR OIL  FLAVOR (AROMA)  SACCHARIN  BHT  TETRAHEXYLDECYL ASCORBATE  PHENOXYETHANOL  [+/- MICA  TITANIUM DIOXIDE (CI 77891)  IRON OXIDES (CI 77491)  IRON OXIDES (CI 77492)  IRON OXIDES (CI 77499)  BISMUTH OXYCHLORIDE (CI 77163)  BLUE 1 LAKE (CI 42090)  RED 6 (CI 15850)  RED 7 (CI 15850)  RED 21 (CI 45380)  RED 27 (CI 45410)  RED 28 (CI 45410)  RED 33 (CI 17200)  RED 6 LAKE (CI 15850)  RED 7 LAKE (CI 15850)  RED 21 LAKE (CI 45380)  RED 27 LAKE (CI 45410)  RED 28 LAKE (CI 45410)  RED 33 LAKE (CI 17200)  YELLOW 5 (CI 19140)  YELLOW 6 (CI 15985)  YELLOW 5 LAKE (CI 19140)  YELLOW 6 LAKE (CI 15985)],8
"Crest Fluoride Toothpaste for Anticavity, Antigingivitis and Sensitive",Toothpaste,Active Ingredients: Stannous Fluoride (0.16% W/V Fluoride Ion) 0.454%; Inactive Ingredients: GLYCERIN  HYDRATED SILICA  SODIUM HEXAMETAPHOSPHATE  PROPYLENE GLYCOL  PEG-6  WATER  ZINC LACTATE  TRISODIUM PHOSPHATE  FLAVOR  SODIUM LAURYL SULFATE  SODIUM GLUCONATE  CARRAGEENAN  SODIUM SACCHARIN  XANTHAN GUM  BLUE 1,8
"Colgate Total Anticavity, Antigingivitis and Antisensitivity Toothpaste",Toothpaste,Active Ingredients: STANNOUS FLUORIDE (0.15% W/V FLUORIDE ION) 0.454%; Inactive Ingredients: WATER  SORBITOL  HYDRATED SILICA  GLYCERIN  PEG-12  TETRASODIUM PYROPHOSPHATE  SODIUM LAURYL SULFATE  FLAVOR  MICROCRYSTALLINE CELLULOSE  SODIUM CITRATE  ZINC PHOSPHATE  CELLULOSE GUM  SODIUM SACCHARIN  COCAMIDOPROPYL BETAINE  PROPYLENE GLYCOL  XANTHAN GUM  CITRIC ACID  SUCRALOSE  TITANIUM DIOXIDE,8
Colgate Max Fresh Anticavity Fluoride Toothpaste With Whitening Breath,Toothpaste,Active Ingredients: Sodium Fluoride 0.24%; Inactive Ingredients: SORBITOL  WATER  HYDRATED SILICA  PEG-12  SODIUM LAURYL SULFATE  FLAVOR  CELLULOSE GUM  TETRASODIUM PYROPHOSPHATE  COCAMIDOPROPYL BETAINE  SODIUM SACCHARIN  HYDROXYPROPYL METHYLCELLULOSE  BLUE 1  TITANIUM DIOXIDE  YELLOW 5,8
"Crest Pro Health Fluoride Toothpaste for Anticavity, Antigingivitis and",Toothpaste,STANNOUS FLUORIDE (0.14% W/V FLUORIDE ION) 0.454%  INACTIVE INGREDIENTS WATER  SORBITOL  HYDRATED SILICA  SODIUM LAURYL SULFATE  CARRAGEENAN  SODIUM GLUCONATE  FLAVOR  XANTHAN GUM  ZINC CITRATE  STANNOUS CHLORIDE  SODIUM HYDROXIDE  SODIUM SACCHARIN  SUCRALOSE  MICA  TITANIUM DIOXIDE  BLUE 1,7
"Tom's of Maine Luminous White Anticavity Fluoride Toothpaste, Clean Mint",Toothpaste,Active Ingredients: Sodium Fluoride (0.15% W/V Fluoride Ion) 0.24%; Inactive Ingredients: HYDRATED SILICA  WATER  GLYCERIN  SORBITOL  XYLITOL  SODIUM LAURYL SULFATE  NATURAL FLAVOR**  XANTHAN GUM  TITANIUM DIOXIDE  CARRAGEENAN,6
Sensodyne Nourish Healthy White Toothpaste for Sensitive Teeth and Cavity,Toothpaste,Active Ingredients: Potassium Nitrate 5.0%  Sodium Fluoride 0.25%; Inactive Ingredients: WATER  SORBITOL  HYDRATED SILICA  GLYCERIN  SODIUM LAURYL SULFATE  FLAVOR  XANTHAN GUM  COCAMIDOPROPYL BETAINE  SODIUM SACCHARIN  TITANIUM DIOXIDE,6
Kroger Maximum Strength Sensitive + Extra Whitening Toothpaste With,Toothpaste,Active Ingredients: Potassium nitrate 5.0%  Sodium fluoride 0.24%; Inactive Ingredients: WATER  SORBITOL  HYDRATED SILICA  GLYCERIN  PENTASODIUM TRIPHOSPHATE  PEG-8  FLAVOR  TITANIUM DIOXIDE  SODIUM METHYL COCOYL TAURATE  COCAMIDOPROPYL BETAINE  XANTHAN GUM  SODIUM HYDROXIDE  SODIUM SACCHARIN,6
Crest Pro-Health Advanced with Extra Deep Clean Anticavity Fluoride,Mouthwash,Active Ingredients: Sodium Fluoride (0.01% W/V Fluoride Ion) 0.02%; Inactive Ingredients: WATER  ALCOHOL (8 WT%)  GLYCERIN  DISODIUM PYROPHOSPHATE  TETRASODIUM PYROPHOSPHATE  POLYSORBATE 80  FLAVOR  POLOXAMER 407  SODIUM SACCHARIN  SUCRALOSE  BLUE 1,6
"Crest 3D White Brilliance Fluoride Anticavity Toothpaste, Vibrant",Toothpaste,Active Ingredients: Sodium Fluoride 0.243%; Inactive Ingredients:  GLYCERIN  HYDRATED SILICA  SODIUM HEXAMETAPHOSPHATE  WATER  PEG-6  FLAVOR  TRISODIUM PHOSPHATE  SODIUM LAURYL SULFATE  CARRAGEENAN  COCAMIDOPROPYL BETAINE  SODIUM SACCHARIN  PEG-20M OR PEG-23M  XANTHAN GUM  SUCRALOSE  MICA  TITANIUM DIOXIDE,6
"Crest 3 D White Brilliance Fluoride Anticavity Toothpaste, Vibrant",Toothpaste,Active Ingredients: Sodium Fluoride (0.243% W/V Fluoride Ion); Inactive Ingredients: GLYCERIN  HYDRATED SILICA  SODIUM HEXAMETAPHOSPHATE  WATER  PEG-6  FLAVOR  SODIUM LAURYL SULFATE  TRISODIUM PHOSPHATE  COCAMIDOPROPYL BETAINE  SODIUM SACCHARIN  CARRAGEENAN  PVP  XANTHAN GUM  SUCRALOSE  MICA  TITANIUM DIOXIDE,6
Colgate Total Daily Repair Toothpaste Rating,Toothpaste,ACTIVE INGREDIETS: SODIUM FLUORIDE 0.24%  TRICLOSAN 0.30%  INACTIVE INGREDIENTS: WATER  HYDRATED SILICA  GLYCERIN  SORBITOL  PVM/MA COPOLYMER  SODIUM LAURYL SULFATE  CELLULOSE GUM  FLAVOR  SODIUM HYDROXIDE  PROPYLENE GLYCOL  CARRAGEENAN  SODIUM SACCHARIN  TITANIUM DIOXIDE,6
"Arm & Hammer Kids! Healthy Teeth Fluoride Anticavity Toothpaste, Fruit",Toothpaste,"Active Ingredients: Sodium fluoride
(0.15% w/v fluoride ion) 0.24%; Inactive Ingredients: SORBITOL  WATER  HYDRATED SILICA  GLYCERIN  CELLULOSE GUM  NATURAL FLAVOR  COCAMIDOPROPYL BETAINE  STEVIA REBAUDIANA LEAF EXTRACT  SODIUM BICARBONATE.",6
Sensodyne Pronamel Toothpaste for Sensitive Teeth and Cavity Prevention,Toothpaste,Active Ingredients: Potassium Nitrate 5.0%  Sodium Fluoride (0.15% W/V Fluoride Ion) 0.25%; Inactive Ingredients: WATER  SORBITOL  HYDRATED SILICA  GLYCERIN  PEG-8  COCAMIDOPROPYL BETAINE  FLAVOR  TITANIUM DIOXIDE  XANTHAN GUM  SODIUM SACCHARIN  SODIUM HYDROXIDE,5
Sensodyne Pronamel Mineral Boost Toothpaste for Sensitive Teeth and,Toothpaste,Active Ingredients: Potassium Nitrate 5.0%; Inactive Ingredients: WATER  SORBITOL  HYDRATED SILICA  GLYCERIN  COCAMIDOPROPYL BETAINE  FLAVOR  XANTHAN GUM  TITANIUM DIOXIDE  SODIUM SACCHARIN  SODIUM HYDROXIDE,5
"Rexall Maximum Strength Sensitive Toothpaste With Fluoride, Fresh Mint",Toothpaste,Active Ingredients: Potassium Nitrate 5.0%  SODIUM CHLORIDE 0.24%; Inactive Ingredients: INACTIVE INGREDIENTS WATER  SORBITOL  HYDRATED SILICA  GLYCERIN  TRISODIUM PHOSPHATE  XANTHAN GUM  FLAVOR  SODIUM LAURYL SULFATE  TITANIUM DIOXIDE  SODIUM SACCHARIN  YELLOW 10  BLUE 1. ,5
"Crest 3 D White Professional Fluoride Anticavity Toothpaste, Ultra White",Toothpaste,ACTIVE INGREDIENTS: SODIUM MONOFLUOROPHOSPHATE 1.14%  INACTIVE INGREDIENTS WATER   CALCIUM PYROPHOSPHATE  GLYCERIN  HYDROGEN PEROXIDE (4% W/V)  SODIUM LAURYL SULFATE  FLAVOR  POLYACRYLATE CROSSPOLYMER-6  CETEARYL ALCOHOL  DISODIUM PYROPHOSPHATE  SUCRALOSE  TETRASODIUM PYROPHOSPHATE,5
"Colgate Total Anticavity, Antigingivitis and Antisensitivity Toothpaste,",Toothpaste,  WATER  SORBITOL  HYDRATED SILICA  GLYCERIN  PEG-12  TETRASODIUM PYROPHOSPHATE  SODIUM LAURYL SULFATE  FLAVOR  ZINC PHOSPHATE  CELLULOSE GUM  SODIUM CITRATE  MICROCRYSTALLINE CELLULOSE  SODIUM SACCHARIN  COCAMIDOPROPYL BETAINE  PROPYLENE GLYCOL  XANTHAN GUM  CITRIC ACID  SUCRALOSE  TITANIUM DIOXIDE.,5
Colgate Cavity Protection Toothpaste Rating,Toothpaste,Active Ingredient: Sodium Monofluorophosphate (0.76%) (0.15% w/v Fluoride Ion). Inactive Ingredients: Dicalcium Phosphate Dihydrate  Water  Glycerin  Sodium Lauryl Sulfate  Cellulose Gum  Flavor  Tetrasodium Pyrophosphate  Sodium Saccharin.,5
"Colgate Baking Soda & Peroxide Whitening Anticavity Fluoride Toothpaste,",Toothpaste,Active Ingredients: Sodium Monofluorophosphate (0.14% w/v Fluoride Ion) 0.76%; Inactive Ingredients: INACTIVE INGREDIENTS: GLYCERIN  HYDRATED SILICA  WATER  SODIUM BICARBONATE  PEG-12  SODIUM LAURYL SULFATE  FLAVOR  SODIUM HYDROXIDE  CELLULOSE GUM  CARRAGEENAN  SODIUM SACCHARIN  CALCIUM PEROXIDE  TITANIUM DIOXIDE,5
"Wet Ones Hand Sanitizer, Fresh Scent Rating",Hand Sanitizer,Active Ingredients: ETHYL ALCOHOL 69.0%; Inactive Ingredients:  WATER  PANTHENOL  ACRYLATES/C10-30 ALKYL ACRYLATE CROSSPOLYMER  GLYCERIN  PROPYLENE GLYCOL  ISOPROPYL MYRISTATE  FRAGRANCE  PEG-40 HYDROGENATED CASTOR OIL/IPDI  AMINOMETHYL PROPANOL  TOCOPHERYL ACETATE  RICINUS COMMUNIS (CASTOR) SEED OIL  ALOE BARBADENSIS LEAF JUICE POWDER.,4
Tom's of Maine Women's Long Lasting Natural Aluminum Free Deodorant,Antiperspirant/Deodorant,Propylene Glycol  Glycerin  Water  Sodium Stearate  Aloe Vera (Aloe Barbadensis) Leaf Juice (Organic)  Witch Hazel (Hamamelis Virginiana) Water  Glyceryl Laurate  Chamomila Recuita (Matricaria) Flower Aqueous Extract  Hops (Humulus Lupulus) Extract [CO2]  Capric/Caprylic Stearic Triglyceride  Ascorbic Acid (Vitamin C),4
"Tom's of Maine Deodorant, Mandarin & Ylang Rating",Antiperspirant/Deodorant,PROPYLENE GLYCOL  WATER  GLYCERIN  SODIUM STEARATE  ALOE BARBADENSIS LEAF JUICE*  GLYCERYL LAURATE  FRAGRANCE** RAPHANUS SATIVUS (RADISH) ROOT EXTRACT  SODIUM HYALURONATE.,4
"Stonewall Kitchen Michel Design Works Foaming Shea Butter Hand Soap,",Liquid Hand Soap,WATER (AQUA  EAU)  SODIUM LAURETH SULFATE  SODIUM COCOAMPHOACETATE  GLYCERIN  FRAGRANCE (PARFUM)  SODIUM CHLORIDE  CITRUS GRANDIS (GRAPEFRUIT) FRUIT EXTRACT  LAVANDULA ANGUSTIFOLIA (LAVENDER) EXTRACT  CAMELLIA SINENSIS LEAF EXTRACT  CHRYSANTHEMUM PARTHENIUM (FEVERFEW) EXTRACT  ALGAE EXTRACT  ALOE BARBADENSIS FLOWER EXTRACT  DISODIUM EDTA  TOCOPHEROL  SIMMONDSIA CHINENSIS (JOJOBA) SEED OIL  BUTYROSPERMUM PARKII (SHEA) BUTTER  ACETYLATED HYDROGENATED LANOLIN  ALOE BARBADENSIS LEAF POLYSACCHARIDES  METHYLCHLOROISOTHIAZOLINONE  METHYLISOTHIAZOLINONE  HEXAMIDINE DIISETHIONATE  CITRIC ACID  BENZOPHENONE-4  LIMONENE  LINALOOL  RED 4 (CI 14700)  YELLOW 5 (CI 19140),4
Self Love Rituals Happy Feet Moisturize & Exfoliate Foot Lotion With Shea,Foot Moisturizer,WATER  GLYCERIN  ETHYLHEXYL PALMITATE  STEARIC ACID  GLYCERYL STEARATE  BUTYROSPERMUM PARKII (SHEA) BUTTER  PHENOXYETHANOL  FRAGRANCE  CAPRYLYL GLYCOL  CARBOMER  POTASSIUM HYDROXIDE. MAY CONTAIN: RED 33  BLUE 1  YELLOW 5  RED 4,4
"Rite Aid Radiant White Anti Cavity Whitening Toothpaste With Fluoride,",Tooth Whitening,"Active Ingredients: Sodium fluoride
(0.15% w/v fluoride ion) 0.243%; Inactive Ingredients:  WATER  SORBITOL  HYDRATED SILICA  DISODIUM PYROPHOSPHATE  SODIUM LAURYL SULFATE  FLAVOR  CELLULOSE GUM  SODIUM HYDROXIDE  SODIUM SACCHARIN  CARBOMER  MICA  TITANIUM DIOXIDE  BLUE 1",4
Rexall Anticavity Fluoride Mouthwash Rating,Mouthwash,Active Ingredients: Sodium Fluoride 0.02%; Inactive Ingredients: WATER  ALCOHOL (21.6 %V/V)  SORBITOL  POLOXAMER 407  EUCALYPTOL  FLAVOR  METHYL SALICYLATE  MENTHOL  PHOSPHORIC ACID  SODIUM SACCHARIN  THYMOL  DISODIUM PHOSPHATE  SUCRALOSE  RED 40  BLUE 1,4
"Raw Sugar Sensitive Skin Simply Hand Wash, Green Tea + Cucumber + Aloe",Liquid Hand Soap,PURIFIED WATER  SODIUM COCOAMPHOACETATE  LAURYL GLUCOSIDE  SODIUM COCOYL GLUTAMATE  SODIUM LAURYL GLUCOSE CARBOXYLATE  GLYCERIN  SODIUM LAUROYL GLUTAMATE  DECYL GLUCOSIDE  POTASSIUM SORBATE  FRAGRANCE  POLYSORBATE 20  HYDROXYETHYLCELLULOSE  SODIUM BENZOATE  CITRIC ACID  OLEA EUROPAEA (OLIVE) FRUIT OIL(COLD PRESS)  LIMNANTHES ALBA (MEADOWFOAM) SEED OIL (COLD PRESS)  SIMMONDSIA CHINENSIS (JOJOBA) SEED OIL (COLD PRESS)  *CAMELLIA SINENSIS (GREEN TEA) LEAF EXTRACT  *CUCUMIS SATIVUS (CUCUMBER) FRUIT EXTRACT  *ALOE BARBADENSIS LEAF JUICE (ALOE VERA)  *ZINGIBER OFFICINALE (GINGER) ROOT EXTRACT  *SYMPHYTUM OFFICINALE LEAF EXTRACT (COMFREY)  *HIBISCUS SABDARIFFA FLOWER EXTRACT  PHENOXYETHANOL  BENZYL ALCOHOL  DEHYDROACETIC ACID,4
"Raw Sugar Sensitive Skin Simply Hand Wash, Almond Milk + Agave + Oatmeal",Liquid Hand Soap,PURIFIED WATER (AQUA)  SODIUM COCOAMPHOACETATE  LAURYL GLUCOSIDE  SODIUM COCOYL GLUTAMATE  SODIUM LAURYL GLUCOSE CARBOXYLATE  GLYCERIN  SODIUM LAUROYL GLUTAMATE  DECYL GLUCOSIDE  POTASSIUM SORBATE  FRAGRANCE  POLYSORBATE 20  HYDROXYETHYLCELLULOSE  SODIUM BENZOATE  CITRIC ACID  OLEA EUROPAEA (OLIVE) FRUIT OIL(COLD PRESS)  LIMNANTHES ALBA (MEADOWFOAM) SEED OIL (COLD PRESS)  SIMMONDSIA CHINENSIS (JOJOBA) SEED OIL (COLD PRESS)  *PRUNUS AMYGDALUS DULCIS (SWEET ALMOND) FRUIT EXTRACT  *AGAVE EXTRACT  *AVENA SATIVA (OAT) KERNEL EXTRACT)  *ZINGIBER OFFICINALE (GINGER) ROOT EXTRACT  *SYMPHYTUM OFFICINALE LEAF EXTRACT (COMFREY)  *HIBISCUS SABDARIFFA FLOWER EXTRACT  PHENOXYETHANOL  BENZYL ALCOHOL  DEHYDROACETIC ACID,4
Palmer's Skin Success Anti Dark Spot Niacinamide 5% Fade Cream for All,Facial Moisturizer/Treatment,WATER (AQUA)  GLYCERYL STEARATE  MINERAL OIL (PARAFFINUM LIQUIDUM)  NIACINAMIDE  PROPYLENE GLYCOL  STEARYL STEARATE  CETEARYL ALCOHOL  PEG-75 LANOLIN  PEG-100 STEARATE  DIMETHICONE  CETEARETH-20  ISOPROPYL MYRISTATE  RETINOL  TRICHOLOMA MATSUTAKE EXTRACT  ASCORBYL GLUCOSIDE  TOCOPHERYL ACETATE  ETHYLHEXYL SALICYLATE  LEUCONOSTOC/RADISH ROOT FERMENT FILTRATE  CITRIC ADD  DISODIUM EDTA  BUTYLENE GLYCOL  MAGNESIUM ALUMINUM SILICATE  XANTHAN GUM  CAPRYLIC/CAPRIC TRIGLYCERIDE  SODIUM SULFITE  SODIUM METABISULFITE  SODIUM LAURYL SULFATE  SODIUM SULFATE  BHT  ETHYLHEXYLGLYCERIN  PHENOXYETHANOL  FRAGRANCE (PARFUM)  CITRONELLOL  HYDROXYCITRONELLAL  BUTYLPHENYL METHYLPROPIONAL  LINALOOL  LIMONENE  ALPHA-ISOMETHYL IONONE.,4
"Mrs. Meyer's Clean Day Hand Soap Made With Olive Oil & Aloe Vera,",Liquid Hand Soap,CONTAINS: WATER  COCAMIDOPROPYL HYDROXYSULTAINE  SODIUM METHYL 2-SULFOLAURATE  GLYCERIN  CITRUS DULCIS AURANTIUM (ORANGE) PEEL OIL  PINUS SYLVESTRIS (PINE) LEAF OIL  FRAGRANCE  (LIMONENE)  OLEA EUROPAEA (OLIVE) FRUIT OIL  ALOE BARBADENSIS LEAF JUICE  DISODIUM 2-SULFOLAURATE  CITRIC ACID  SODIUM CHLORIDE  POTASSIUM SORBATE  SODIUM BENZOATE.,4
"Megababe Daily Deodorant, Soapy Pits Rating",Antiperspirant/Deodorant,PROPANEDIOL  WATER  ALOE BARBADENSIS LEAF JUICE  SODIUM STEARATE  ZEA MAYS (CORN) STARCH  GLYCERIN  FRAGRANCE  CITRUS AURANTIFOLIA (LIME) OIL  JUNIPERUS MEXICANA (CEDARWOOD) OIL  COCOS NUCIFERA (COCONUT) OIL  CAMELLIA SINENSIS LEAF (GREEN TEA) EXTRACT  SANTALUM ALBUM (SANDALWOOD) OIL  SALVIA OFFICINALIS (SAGE) LEAF EXTRACT  EQUISETUM ARVENSE (HORSETAIL PLANT) EXTRACT  TOCOPHERYL ACETATE (VITAMIN E)  CITRIC ACID  POTASSIUM SORBATE  SODIUM BENZOATE  PHENOXYETHANOL  ETHYLHEXYGLYCERIN.,4
"Megababe Daily Deodorant, Rosy Pits Rating",Antiperspirant/Deodorant,PROPANEDIOL  WATER  ALOE BARBADENSIS LEAF JUICE  SODIUM STEARATE  ZEA MAYS (CORN) STARCH  GLYCERIN  FRAGRANCE  PHENOXYETHANOL  ETHYLHEXYLGLYCERIN  BENZYL BENZOATE  COCOS NUCIFERA (COCONUT) OIL  TOCOPHERYL ACETATE (VITAMIN E)  CAMELLIA OLEIFERA LEAF (GREEN TEA) EXTRACT  SANTALUM ALBUM (SANDALWOOD) OIL  ROSA GALLICA FLOWER EXTRACT  EQUISETUM ARVENSE (HORSETAIL PLANT) EXTRACT  SALVIA OFFICINALIS (SAGE) LEAF EXTRACT,4
"Love Beauty and Planet Beloved Foaming Hand Wash, Cranberry & Orange",Liquid Hand Soap,WATER (AQUA)  COCAMIDOPROPYL BETAINE  GLYCERIN  SODIUM METHYL LAUROYL TAURATE  SODIUM COCOYL ISETHIONATE  PHENOXYETHANOL  FRAGRANCE (PARFUM)  POLYSORBATE 20  PPG-9  STEARIC ACID  LAURIC ACID  PALMITIC ACID  TETRASODIUM EDTA  IODOPROPYNYL BUTYLCARBAMATE  CITRIC ACID  VACCINIUM MACROCARPON (CRANBERRY) FRUIT JUICE  CITRUS AURANTIUM DULCIS (ORANGE) FLOWER OIL  CITRUS AURANTIUM DULCIS (ORANGE) PEEL OIL  GERANIOL  LIMONENE  LINALOOL  BLUE 1 (CI 42090)  RED 33 (CI 17200)  RED 4 (CI 14700).,4
"Love Beauty and Planet Beloved Foaming Hand Wash, Apple & Cinnamon Bark",Liquid Hand Soap,WATER (AQUA)  CAPRYLYL/CAPRYL GLUCOSIDE  COCAMIDOPROPYL BETAINE  GLYCERIN  DECYL GLUCOSIDE  SODIUM METHYL COCOYL TAURATE  GLUCONOLACTONE  SODIUM CHLORIDE  FRAGRANCE (PARFUM)  SODIUM BENZOATE  CITRIC ACID  ALOE BARBADENSIS LEAF JUICE  TETRASODIUM GLUTAMATE DIACETATE  PYRUS MALUS (APPLE) FRUIT EXTRACT  CINNAMOMUM ZEYLANICUM BARK OIL  MYRISTICA FRAGRANS (NUTMEG) KERNEL OIL  EUGENOL  GERANIOL  LIMONENE  LINALOOL  RED 4 (CI 14700)  YELLOW 5 (CI 19140).,4
"Hello Naturally Friendly Antiplaque + Whitening Fluoride Free Toothpaste,",Toothpaste,SORBITOL (HUMECTANT)  PURIFIED WATER (HOORAY)  HYDRATED SILICA (POLISHES AND CLEANS TEETH)  VEGETABLE GLYCERIN (SOOTHES AND MOISTURIZES)  CALCIUM CARBONATE (POLISHES AND CLEANS TEETH)  XYLITOL (SWEETENER)  ERYTHRITOL (SWEETENER)  XANTHAN GUM (THICKENER)  FLAVOR (FRESHENS BREATH)  TITANIUM DIOXIDE (MINERAL)  COCONUT OIL (SOOTHES AND MOISTURIZES)  ZINC CITRATE (CONTROLS TARTAR)  COCAMIDOPROPYL BETAINE (CLEANSER)  SODIUM COCOYL GLUTAMATE (CLEANSER)  POTASSIUM SORBATE (MAINTAINS STABILITY)  STEVIA REBAUDIANA LEAF EXTRACT (SWEETENER) AND TEA TREE OIL (CLEANS AND FRESHENS BREATH),4
"Equate Liquid Hand Soap, Water Lily (2019 formulation) Rating",Liquid Hand Soap,WATER (7732-18-5)  SODIUM LAURETH SULFATE (68585-34-2)  SODIUM CHLORIDE (7647-14-5)  GLYCERIN (56-81-5)  COCAMIDOPROPYL BETAINE (61789-40-0)  SODIUM LAURYL SULFATE (68585-47-7)  DISODIUM COCOAMPHODIPROPIONATE (68604-71-7)  FRAGRANCE (PROPRIETARY  SEE HTTP://WWW.IFRAORG.ORG/)  CITRIC ACID (77-92-9)  METHYLCHLOROISOTHIAZOLINONE (26172-55-4)  METHYLISOTHIAZOLINONE (2682-20-4),4
"Dove Moisturizing Hand Sanitizer Wipes, Aloe & Eucalyptus Rating",Hand Sanitizer,Active Ingredients: Ethyl Alcohol 76.0%; Inactive Ingredients: WATER (AQUA)  GLYCERIN  BUTYLENE GLYCOL  FRAGRANCE (PARFUM)  NIACINAMIDE  TOCOPHERYL ACETATE  STEARIC ACID  TETRASODIUM EDTA  HEXYL CINNAMAL  LIMONENE  LINALOOL,4
Dove Men + Care Ultimate Smooth Glide Solid Antiperspirant 48 H Long,Antiperspirant/Deodorant,Active Ingredients: ALUMINUM SESQUICHLOROHYDRATE 12.15%; Inactive Ingredients: WATER (AQUA)  CYCLOPENTASILOXANE  C12-15ALKYL BENZOATE  SYNTHETIC WAX  GLYCERIN  CALCIUM CHLORIDE  CETYL PEG/PPG-10/1 DIMETHICONE  GLYCINE  FRAGRANCE (PARFUM)  HELIANTHUS ANNUUS (SUNFLOWER) SEED OIL  ALPHA-ISOMETHYL IONONE  COUMARIN  HEXYL CINNAMAL  HYDROXYCITRONELLAL  LIMONENE  LINALOOL,4
"Dial Complete Foaming Antibacterial Hand Wash, Soothing White Tea (2020",Liquid Hand Soap,Active Ingredients: BENZALKONIUM CHLORIDE 0.13%; Inactive Ingredients: AQUA (WATER  EAU)  GLYCERIN  LAURAMINE OXIDE  CETRIMONIUM CHLORIDE  COCAMIDOPROPYL BETAINE  CITRIC ACID  SODIUM BENZOATE  HYDROXYPROPYL METHYLCELLULOSE  PARFUM (FRAGRANCE)  ZINC SULFATE  SODIUM CHLORIDE  DIMETHYL LAURAMINE  TETRASODIUM EDTA  ALCOHOL  DIMETHYL MYRISTAMINE  CI 47005 (YELLOW 10)  CI 42053 (GREEN 3),4
"Dial Complete Foaming Antibacterial Hand Wash, Original Scent (2020",Liquid Hand Soap,Active Ingredients: BENZETHONIUM CHLORIDE 0.2%; Inactive Ingredients: WATER  GLYCERIN  LAURAMINE OXIDE  FRAGRANCE  SUNFLOWERSEEDAMIDOPROPYL ETHYLDIMONIUM ETHOSULFATE AND PEG-9  COCAMIDOPROPYL BETAINE  HYDROXYPROPYL METHYLCELLULOSE  DMDM HYDANTOIN  CHLORHEXIDINE DIGLUCONATE  CITRIC ACID  ZINC SULFATE  TETRASODIUM EDTA  YELLOW 5  RED 4,4
"Crest Pro Health Whitening Fluoride Toothpaste for Anticavity,",Toothpaste,Active Ingredients: STANNOUS FLUORIDE 0.454%; Inactive Ingredients: WATER  SORBITOL  HYDRATED SILICA  SODIUM LAURYL SULFATE  CARRAGEENAN  SODIUM GLUCONATE  FLAVOR  XANTHAN GUM  ZINC CITRATE  STANNOUS CHLORIDE  SODIUM HYDROXIDE  SODIUM SACCHARIN  SUCRALOSE  TITANIUM DIOXIDE  BLUE 1,4
"Crest Pro Health Advanced Gum Restore Fluoride Toothpaste, Deep Clean",Toothpaste,Active Ingredients: Stannous fluoride (0.15% w/v fluoride ion) 0.454%; Inactive Ingredients: WATER  SORBITOL  HYDRATED SILICA  GLYCINE  SODIUM LAURYL SULFATE  SODIUM GLUCONATE  CARRAGEENAN  FLAVOR  SODIUM CITRATE  XANTHAN GUM  ZINC CITRATE  SODIUM HYDROXIDE  STANNOUS CHLORIDE  SODIUM SACCHARIN  COCAMIDOPROPYL BETAINE  SUCRALOSE  TITANIUM DIOXIDE,4
"Chapstick Total Hydration Vitamin Enriched Tinted Lip Oil, Sheer Plum",Lip Balm,OCTYLDODECANOL  RICINUS COMMUNIS (CASTOR) SEED OIL  ETHYLCELLULOSE  CAPRYLIC/CAPRIC TRIGLYCERIDE  TRIHYDROXYSTEARIN  PHENOXYETHANOL  POLYGLYCERYL-3 DIISOSTEARATE  FLAVOR  RED 33 LAKE  LINUM USITATISSIMUM (LINSEED) SEED OIL  OLEA EUROPAEA (OLIVE) FRUIT OIL  RIBES NIGRUM (BLACK CURRANT) SEED OIL  TOCOPHEROL  ASCORBYL PALMITATE  ETHYLHEXYLGLYCERIN  HELIANTHUS ANNUUS (SUNFLOWER) SEED OIL  WATER  GLYCINE SOJA (SOYBEAN) OIL  CITRUS GRANDIS (GRAPEFRUIT) PEEL EXTRACT,4
"Arm & Hammer Essentials Whiten & Strengthen Fluoride Toothpaste, Fresh",Toothpaste,Active Ingredients: Sodium Fluoride 0.24%; Inactive Ingredients:  SODIUM BICARBONATE (BAKING SODA)  PEG-8  HYDRATED SILICA  GLYCERIN  CALCIUM SULFATE  FLAVOR  SODIUM METHYL COCOYL TAURATE  POTASSIUM PHOSPHATE  SODIUM CARBONATE  XANTHAN GUM  REBAUDIANA A (STEVIA LEAF EXTRACT),4
"Aim Multi-Benefit Cavity Protection Gel Toothpaste, Ultra Mint (2019",Toothpaste,Active Ingredients: Sodium fluoride Anticavity 0.24%; Inactive Ingredients: INACTIVE INGREDIENTS SORBITOL  WATER  HYDRATED SILICA  PEG-8  SODIUM LAURYL SULFATE  SD ALCOHOL 38-B  FLAVOR  CELLULOSE GUM  SODIUM SACCHARIN  BLUE 1  YELLOW 10.,4
"Active Wow All Natural Whitening Toothpaste, Charcoal + Mint, Charcoal +",Toothpaste,CALCIUM CARBONATE  WATER (PURIFIED)  XYLITOL  HYDRATED SILICA  GLYCERIN  FLAVOR  CHARCOAL POWDER  SODIUM LAUROYL SARCOSINATE  SODIUM BICARBONATE  COCOS NUCIFERA (COCONUT) OIL  MELALEUCA ALTERNIFOLIA (TEA TREE) LEAF OIL  XANTHAN GUM  CITRIC ACID,4
"365 Everyday Value Foaming Hand Soap, Sandalwood (2019 formulation)",Liquid Hand Soap,WATER  SODIUM MYRISTOYL SARCOSINATE  SODIUM COCOAMPHOACETATE  PHENOXYETHANOL  NATURAL FRAGRANCE  GLYCERIN  DISODIUM COCOAMPHODIPROPIONATE  CAPRYLYL GLYCOL  COCAMIDOPROPYL HYDROXYSULTAINE  CITRIC ACID  ALLANTOIN  TOCOPHEROL (VITAMIN E)  ORGANIC ALOE BARBADENSIS  BUTYROSPERMUM PARKII (SHEA BUTTER).,4
"Vanity Planet Teeth Whitening System, Active Whitening Rating",Tooth Whitening,Water  Glycerin  Hydrogen Peroxide (12%)  Potassium Nitrate  Sodium Hydroxide  Disodium EDTA  Sodium Fluoride  Flavor,3
"Up&up, Maximum Strength Sensitive Toothpaste With Fluoride Rating",Toothpaste,ACTIVE INGREDIENTS: POTASSIUM NITRATE 5%  SODIUM FLUORIDE 0.24% (0.15% W/V FLUORIDE ION). INACTIVE INGREDIENTS; WATER  SORBITOL  HYDRATED SILICA  GLYCERIN  PENTASODIUM TRIPHOSPHATE  PEG-8  FLAVOR  TITANIUM DIOXIDE  SODIUM METHYL COCOYL TAURATE  COCAMIDOPROPYL BETAINE  XANTHAN GUM  SODIUM HYDROXIDE  SODIUM SACCHARIN,3
Up&up Anticavity Alcohol Free Fluoride Mouth Rinse Rating,Mouthwash,Active Ingredients: Sodium fluoride (0.01% w/v fluoride ion) 0.02%; Inactive Ingredients: WATER  GLYCERIN  CETYLPYRIDINIUM CHLORIDE  FLAVOR  SODIUM SACCHARIN  PHOSPHORIC ACID  SODIUM BENZOATE  SUCRALOSE  POLOXAMER 407  BENZOIC ACID  DISODIUM PHOSPHATE  PROPYLENE GLYCOL  RED 33  GREEN 3,3
Up&up Anticavity Alcohol Free Fluoride Mouth Rinse (2019 formulation),Mouthwash,ACTIVE INGREDIENT: SODIUM FLUORIDE ION 0.02%  INACTIVE INGREDIENTS: WATER  GLYCERIN  FLAVOR  CETYLPYRIDINIUM CHLORIDE  PHOSPHORIC ACID  SODIUM BENZOATE  SUCRALOSE  BENZOIC ACID  SODIUM SACCHARIN  POLOXAMER 407  PROPYLENE GLYCOL  DISODIUM PHOSPHATE  RED 33  GREEN 3,3
"Twice. Oral Wellness Toothpaste With Fluoride, Calming Vanilla Lavender",Toothpaste,Active Ingredients: Potassium nitrate 5.0% Sodium Fluoride 0.24%; Inactive Ingredients: WATER  HYDRATED SILICA  SORBITOL  GLYCERIN (VEGETABLE)  PENTASODIUM TRIPHOSPHATE  COCAMIDOPROPYL BETAINE  FLAVOR  RETINYL PALMITATE (VITAMIN A)  TOCOPHEROL (VITAMIN E)  ALOE BARBADENSIS LEAF JUICE (ALOE VERA)  XYLITOL  SODIUM SACCHARIN  SUCRALOSE  LAURYL GLUCOSIDE  CELLULOSE GUM  TITANIUM DIOXIDE  SODIUM BENZOATE  CITRIC ACID.,3
"Twice Science + Wellness Toothpaste, Invigorating Wintergreen and",Toothpaste,Active Ingredients: Potassium nitrate 5.0%  Sodium fluoride 0.24%; Inactive Ingredients: WATER  HYDRATED SILICA  SORBITOL  GLYCERIN (VEGETABLE)  PENTASODIUM TRIPHOSPHATE  COCAMIDOPROPYL BETAINE  FLAVOR  RETINYL PALMITATE (VITAMIN A)  TOCOPHEROL (VITAMIN E)  ALOE BARBADENSIS LEAF JUICE (ALOE VERA)  XYLITOL  SODIUM SACCHARIN  SUCRALOSE  LAURYL GLUCOSIDE  CELLULOSE GUM  TITANIUM DIOXIDE  SODIUM BENZOATE  CITRIC ACID.,3
"Twice Oral Wellness Toothpaste, Cooling Spearmint Eucalyptus Rating",Toothpaste,Active Ingredients: Potassium nitrate 5.0%  Sodium Fluoride 0.24%; Inactive Ingredients: WATER  HYDRATED SILICA  SORBITOL  GLYCERIN (VEGETABLE)  PENTASODIUM TRIPHOSPHATE  COCAMIDOPROPYL BETAINE  FLAVOR  RETINYL PALMITATE (VITAMIN A)  TOCOPHEROL (VITAMIN E)  ALOE BARBADENSIS LEAF JUICE (ALOE VERA)  XYLITOL  SODIUM SACCHARIN  SUCRALOSE  LAURYL GLUCOSIDE  CELLULOSE GUM  TITANIUM DIOXIDE  SODIUM BENZOATE  CITRIC ACID.,3
"Topcare Everyday, Alcohol Free, Fluoride Anticavity Mouthwash, Refreshing",Mouthwash,Active Ingredients: Sodium Fluoride (0.01% w/v Fluoride Ion) 0.02%; Inactive Ingredients: INACTIVE INGREDIENTS: WATER  GLYCERIN  FLAVOR  CETYLPYRIDINIUM CHLORIDE  SODIUM SACCHARIN  PHOSPHORIC ACID  SODIUM BENZOATE  SUCRALOSE  POLOXAMER 407  BENZOIC ACID  DISODIUM PHOSPHATE  PROPYLENE GLYCOL  BLUE 1,3
Topcare Everyday Maximum Strength With Fluoride Sensitive Anticavity,Toothpaste,Active Ingredients: Potassium Nitrate 5.0%  Sodium Fluoride (0.15% W/V Fluoride Ion) 0.24%; Inactive Ingredients: D&C YELLOW #10  FD&C BLUE #1  FLAVOR  GLYCERIN  HYDRATED SILICA  SODIUM LAURYL SULFATE  SODIUM SACCHARIN  SORBITOL  TITANIUM DIOXIDE  TRISODIUM PHOSPHATE  WATER  XANTHAN GUM,3
"Topcare Enamel Guard Daily Anti Cavity Fluoride Toothpaste, Fresh Mint",Toothpaste,Active Ingredients: Potassium Nitrate 5.0%  SODIUM FLUORIDE W/V FLUORIDE ION 0.15%; Inactive Ingredients: COCAMIDOPROPYL BETAINE  FLAVOR  GLYCERIN  HYDRATED SILICA  PEG-8  SODIUM HYDROXIDE  SODIUM SACCHARIN  SORBITOL  TITANIUM DIOXIDE  WATER  XANTHAN GUM,3
"Toms of Maine Luminous White Anticavity Toothpaste, Wintergreen (2020",Tooth Whitening,Active Ingredients: Sodium Fluoride 0.24%; Inactive Ingredients:  WATER  HYDRATED SILICA  GLYCERIN  SORBITOL  XYLITOL  NATURAL FLAVOR  SODIUM LAURYL SULFATE  CHARCOAL POWDER  XANTHAN GUM  CARRAGEENAN.,3
Tom's of Maine Wicked Fresh! Cool Peppermint Toothpaste (2018,Toothpaste,Active Ingredients: SODIUM MONOFLUOROPHOSPHATE (0.13% W/V FLUORIDE ION) 0.76%; Inactive Ingredients: GLYCERIN  WATER  CALCIUM CARBONATE  XYLITOL  HYDRATED SILICA  SODIUM LAURYL SULFATE  NATURAL FLAVOR*  CARRAGEENAN  BENZYL ALCOHOL  GLYCYRRHIZA URALENSIS (LICORICE) ROOT EXTRACT.,3
Tom's of Maine Wicked Cool! Mild Mint Fluoride Toothpaste (2018,Baby Toothpaste,Active Ingredients: SODIUM MONOFLUOROPHOSPHATE (0.13% W/V FLUORIDE ION) 0.76%; Inactive Ingredients: GLYCERIN  WATER  CALCIUM CARBONATE  HYDRATED SILICA  CARRAGEENAN  SODIUM LAURYL SULFATE  NATURAL FLAVOR*,3
"Tom's of Maine Whole Care with Fluoride Natural Toothpaste Gel, Spearmint",Toothpaste,Active Ingredients: SODIUM MONOFLUOROPHOSPHATE (0.14% W/V FLUORIDE ION) 0.76%; Inactive Ingredients: WATER  HYDRATED SILICA  SORBITOL  XYLITOL  GLYCERIN  NATURAL FLAVOR*  SODIUM LAURYL SULFATE  ZINC CITRATE  XANTHAN GUM  CARRAGEENAN.,3
"Tom's of Maine Whole Care Toothpaste, Wintermint (2018 formulation)",Toothpaste,Active Ingredients: SODIUM MONOFLUOROPHOSPHATE (0.14% W/V FLUORIDE ION) 0.76%; Inactive Ingredients: WATER  HYDRATED SILICA  SORBITOL  XYLITOL  GLYCERIN  NATURAL FLAVOR**  SODIUM LAURYL SULFATE  ZINC CITRATE  XANTHAN GUM  TITANIUM DIOXIDE  CARRAGEENAN.,3
"Tom's of Maine Whole Care Natural Fluoride Mouthwash, Fresh Mint (2019",Mouthwash,Active Ingredients: Sodium Fluoride (0.01% W/V Fluoride Ion) 0.02%; Inactive Ingredients: WATER  GLYCERIN  SORBITOL  ALOE BARBADENSIS LEAF JUICE*  PROPANEDIOL  XYLITOL  NATURAL FLAVOR  BENZOIC ACID  PHOSPHORIC ACID  DISODIUM PHOSPHATE,3
"Tom's of Maine Whole Care Natural Anticavity Toothpaste With Fluoride,",Toothpaste,Active Ingredients: SODIUM MONOFLUOROPHOSPHATE 0.76%; Inactive Ingredients:  ,3
Tom's of Maine Whole Care Gel Toothpaste Rating,Toothpaste,Active Ingredient: Sodium Monofluorophosphate (0.76%) (0.15% w/v Fluoride Ion). Inactive Ingredients: Sorbitol  Hydrated Silica  Water  Glycerin  Xylitol  Mentha Piperita (Peppermint) Oil and Other Natural Flavors  Sodium Lauryl Sulfate  Zinc Citrate  Xanthan Gum.,3
"Tom's of Maine Teeth + Gum Health With Fluoride Anticavity Toothpaste,",Toothpaste,Active Ingredients: Sodium Fluoride 0.24% *(0.15% w/v fluoride ion); Inactive Ingredient: WATER  SORBITOL  HYDRATED SILICA  XYLITOL  GLYCERIN  SODIUM CHLORIDE  SODIUM LAURYL SULFATE  ZINC CITRATE  NATURAL FLAVOR  XANTHAN GUM  CARRAGEENAN.,3
"Tom's of Maine Simply White Fluoride Toothpaste, Clean Mint (2019",Tooth Whitening,ACTIVE INGREDIENTS: SODIUM FLUORIDE 0.24%  INACTIVE INGREDIENTS: HYDRATED SILICA  WATER  SORBITOL  GLYCERIN  XYLITOL  SODIUM LAURYL SULFATE  NATURAL FLAVOR*  XANTHAN GUM  TITANIUM DIOXIDE  CARRAGEENAN  SODIUM HYDROXIDE,3
Tom's of Maine Simply White Clean Mint Toothpaste (2018 formulation),Tooth Whitening,Active Ingredients: Sodium Fluoride (0.15% W/V Fluoride Ion) 0.24%; Inactive Ingredients: HYDRATED SILICA  WATER  SORBITOL  GLYCERIN  XYLITOL  SODIUM LAURYL SULFATE  NATURAL FLAVOR*  XANTHAN GUM  TITANIUM DIOXIDE  CARRAGEENAN  SODIUM HYDROXIDE.,3
"Tom's of Maine Simply White Anticavity Toothpaste, Clean Mint Rating",Toothpaste,Active Ingredients: Sodium fluoride (0.15% w/v fluoride ion) %; Inactive Ingredients: WATER  SORBITOL  HYDRATED SILICA  XYLITOL  GLYCERIN  SODIUM LAURYL SULFATE  NATURAL FLAVOR*  XANTHAN GUM  SODIUM HYDROXIDE  CARRAGEENAN  TITANIUM DIOXIDE. *PEPPERMINT OIL AND OTHER NATURAL FLAVOR,3
"Tom's of Maine Natural Whole Care With Fluoride Anticavity Toothpaste,",Toothpaste,Active Ingredients: SODIUM MONOFLUOROPHOSPHATE (0.14% W/V FLUORIDE ION) 0.76%; Inactive Ingredients: WATER  HYDRATED SILICA  SORBITOL  XYLITOL  GLYCERIN  NATURAL FLAVOR**  SODIUM LAURYL SULFATE  ZINC CITRATE  XANTHAN GUM  CARRAGEENAN.,3
"Tom's of Maine Natural Sea Salt Toothpaste, Refreshing Mint (2018",Toothpaste,Active Ingredients: Sodium Fluoride (0.15% W/V Fluoride Ion) 0.24%; Inactive Ingredients: WATER  SORBITOL  HYDRATED SILICA  XYLITOL  GLYCERIN  SODIUM CHLORIDE  SODIUM LAURYL SULFATE  ZINC CITRATE  NATURAL FLAVOR  XANTHAN GUM  CARRAGEENAN.,3
"Tom's of Maine Natural Children's Toothpaste, Strawberry Silly (2019",Toothpaste,Active Ingredients: SODIUM FLUORIDE (0.02% W/V FLUORIDE ION) 0.04%; Inactive Ingredients: WATER  GLYCERIN  ALOE BARBADENSIS LEAF JUICE*  XYLITOL  SODIUM PHOSPHATE  PROPANEDIOL  BENZOIC ACID  NATURAL FLAVOR  PHOSPHORIC ACID  MENTHOL  FRAGARIA ANANASSA (STRAWBERRY) FRUIT JUICE  ANANAS SATIVUS (PINEAPPLE) FRUIT JUICE  CITRUS AURANTIUM DULCIS (ORANGE) JUICE  CITRUS LIMON (LEMON) JUICE  MANGIFERA INDICA (MANGO) JUICE  REBAUDIOSIDE A,3
"Tom's of Maine Natural Children's Gel Fluoride Toothpaste, Fruitilicious",Toothpaste,Active Ingredients: Sodium Fluoride 0.24%; Inactive Ingredients: WATER  GLYCERIN  SORBITOL  HYDRATED SILICA  PROPANEDIOL  XYLITOL  BENZYL ALCOHOL  SODIUM LAURYL SULFATE  XANTHAN GUM  NATURAL FLAVOR  CARRAGEENAN  REBAUDIOSIDE A.,3
"Tom's of Maine Natural Activated Charcoal Anticavity Toothpaste,",Toothpaste,Active Ingredients: Sodium Fluoride (0.15% W/V Fluoride Ion) 0.24%; Inactive Ingredients: HYDRATED SILICA  WATER  SORBITOL  GLYCERIN  XYLITOL  LAURYL GLUCOSIDE  SODIUM COCOYL GLUTAMATE  NATURAL FLAVOR*  BENZYL ALCOHOL  CHARCOAL POWDER  XANTHAN GUM  CARRAGEENAN  REBAUDIOSIDE A.,3
"Tom's of Maine Luminous White Toothpaste With Fluoride, Spearmint (2019",Toothpaste,Active Ingredients: Sodium Fluoride (0.15% W/V Fluoride Ion) 0.24%; Inactive Ingredients: HYDRATED SILICA  WATER  GLYCERIN  SORBITOL  XYLITOL  SODIUM LAURYL SULFATE  NATURAL FLAVOR**  XANTHAN GUM  TITANIUM DIOXIDE  CARRAGEENAN.,3
"Tom's of Maine Luminous White Natural Anticavity Toothpaste, Clean Mint",Toothpaste,Active Ingredients: Sodium Fluoride (0.15% W/V Fluoride Ion) 0.24%; Inactive Ingredients: HYDRATED SILICA  WATER  GLYCERIN  SORBITOL  XYLITOL  SODIUM LAURYL SULFATE  NATURAL FLAVOR**  XANTHAN GUM  TITANIUM DIOXIDE  CARRAGEENAN.,3
Tom's of Maine Kids Fluoride Natural Silly Strawberry Toothpaste Rating,Toothpaste,Active Ingredients: Sodium Monofluorophosphate (0.13% w/v Fluoride Ion) 0.76%; Inactive Ingredients: INACTIVE INGREDIENTS: GLYCERIN  WATER  CALCIUM CARBONATE  HYDRATED SILICA  NATURAL FLAVOR*  CARRAGEENAN  SODIUM LAURYL SULFATE  *STRAWBERRY JUICE AND OTHER NATURAL FLAVOR,3
Tom's of Maine Fruitilicious Natural Children's Gel Anticavity Fluoride,Toothpaste,Active Ingredients: Sodium Fluoride (0.14% W/V Fluoride Ion) 0.24%; Inactive Ingredients: GLYCERIN  WATER  SORBITOL  HYDRATED SILICA  PROPANEDIOL  XYLITOL  BENZYL ALCOHOL  SODIUM LAURYL SULFATE  XANTHAN GUM  NATURAL FLAVOR  CARRAGEENAN  STEVIA REBAUDIANA EXTRACT.,3
Tom's of Maine Clean & Gentle Care SLS-Free Antiplaque & Whitening,Tooth Whitening,Active Ingredient: Sodium Monofluorophosphate (0.76%) (0.13% w/v Fluoride Ion). Inactive Ingredients: Glycerin  Water  Calcium Carbonate  Hydrated Silica  Organic Aloe Barbadensis (Aloe) Leaf Juice  Xylitol  Chondrus Crispus (Carrageenan)  Acacia Senegal (Acacia) Gum  Glycyrrhizic Acid  Mentha Piperita (Peppermint) Oil.,3
Tom's of Maine Children's Silly Strawberry Toothpaste (old formulation),Toothpaste,Active Ingredients: FLUORIDE ION 0.13%  SODIUM MONOFLUOROPHOSPHATE 0.76%; Inactive Ingredients: GLYCERIN  WATER  CALCIUM CARBONATE  HYDRATED SILICA  NATURAL FLAVOR*  CARRAGEENAN  SODIUM LAURYL SULFATE,3
Tom's of Maine Children's Natural Wild Blueberry Flavor Fluoride,Toothpaste,Active Ingredients: Sodium Monofluorophosphate (0.14% w/v Fluoride Ion) 0.76%; Inactive Ingredients: INACTIVE INGREDIENTS: GLYCERIN  WATER  CALCIUM CARBONATE  HYDRATED SILICA  NATURAL FLAVOR  CARRAGEENAN  SODIUM LAURYL SULFATE  BENZYL ALCOHOL  REBAUDIOSIDE A,3
"Tom's of Maine Children's Natural Fluoride Toothpaste, Outrageous Orange",Toothpaste,Active Ingredients: SODIUM MONOFLUOROPHOSPHATE (0.13% W/V FLUORIDE ION) 0.76%; Inactive Ingredients: GLYCERIN  WATER  CALCIUM CARBONATE  HYDRATED SILICA  NATURAL FLAVOR*  CARRAGEENAN  SODIUM LAURYL SULFATE,3
Tom's of Maine Children's Natural Anticavity Fluoride Watermelon,Toothpaste,Active Ingredients: Sodium Monofluorophosphate (0.14% w/v Fluoride Ion) 0.76%; Inactive Ingredients: INACTIVE INGREDIENTS: GLYCERIN  WATER  CALCIUM CARBONATE  HYDRATED SILICA  NATURAL FLAVOR  SODIUM LAURYL SULFATE  CARRAGEENAN  BENZYL ALCOHOL  REBAUDIOSIDE A,3
"Tom's of Maine Children's Fluoride Toothpaste, Outrageous Orange Mango,",Baby Toothpaste,Active Ingredients: Sodium monofluorophosphate (0.14% w/v fluoride ion) .76%; Inactive Ingredients: GLYCERIN  WATER  CALCIUM CARBONATE  HYDRATED SILICA  BENZYL ALCOHOL  SODIUM LAURYL SULFATE  CARRAGEENAN  NATURAL FLAVOR  CITRUS LIMON (LEMON) JUICE  MANGIFERA INDICA (MANGO) JUICE  CITRUS AURANTIUM DULCIS (ORANGE) JUICE  ANANAS SATIVUS (PINEAPPLE) FRUIT JUICE  FRAGARIA ANANASSA (STRAWBERRY) FRUIT JUICE.,3
"Tom's of Maine Children's Anticavity Fluoride Rinse, Silly Strawberry",Mouthwash,Active Ingredients: SODIUM FLUORIDE (0.02% W/V FLUORIDE ION) 0.04%; Inactive Ingredients: WATER  GLYCERIN  ALOE BARBADENSIS LEAF JUICE*  XYLITOL  SODIUM PHOSPHATE  PROPANEDIOL  BENZOIC ACID  NATURAL FLAVOR  PHOSPHORIC ACID  MENTHOL  FRAGARIA ANANASSA (STRAWBERRY) FRUIT JUICE  ANANAS SATIVUS (PINEAPPLE) FRUIT JUICE  CITRUS AURANTIUM DULCIS (ORANGE) JUICE  CITRUS LIMON (LEMON) JUICE  MANGIFERA INDICA (MANGO) JUICE  REBAUDIOSIDE A,3
"Tom's of Maine Anticavity Toothpaste, Spearmint (2018 formulation) Rating",Toothpaste,Active Ingredients: SODIUM MONOFLUOROPHOSPHATE (0.13% W/V FLUORIDE ION) 0.76%; Inactive Ingredients: GLYCERIN  WATER  CALCIUM CARBONATE  HYDRATED SILICA  XYLITOL  NATURAL FLAVOR**  SODIUM LAURYL SULFATE  CARRAGEENAN  ZINC CITRATE  SODIUM BICARBONATE  BENZYL ALCOHOL.,3
"Tom's of Maine Anticavity Toothpaste, Blueberry, Blueberry Rating",Toothpaste,Active Ingredient: Sodium Monofluorophosphate 0.76% (0.14% w/v Fluoride ion); Inactive Ingredients: GLYCERIN  WATER  CALCIUM CARBONATE  HYDRATED SILICA  NATURAL FLAVOR  CARRAGEENAN  SODIUM LAURYL SULFATE  BENZYL ALCOHOL  REBAUDIOSIDE A.,3
Tom's of Maine Anticavity Baking Soda Fluoride Toothpaste Peppermint,Toothpaste,Active Ingredient: Sodium Monofluorophosphate (0.76%) (0.15% w/v Fluoride Ion). Inactive Ingredients: Calcium Carbonate  Water  Glycerin  Sodium Bicarbonate  Chondrus Crispus (Carrageenan)  Mentha Piperita (Peppermint) Oil  Xylitol  Sodium Lauryl Sulfate.,3
"Tom's of Maine Activated Charcoal Anticavity Toothpaste Peppermint,",Toothpaste,ACTIVE INGREDIENTS:SODIUM FLUORIDE (0.24%) INACTIVE INGREDIENTS: HYDRATED SILICA  WATER  SORBITOL  GLYCERIN  XYLITOL  LAURYL GLUCOSIDE  SODIUM COCOYL GLUTAMATE  NATURAL FLAVOR*  BENZYL ALCOHOL  CHARCOAL POWDER  XANTHAN GUM  CARRAGEENAN  REBAUDIOSIDE A.,3
Tom's Of Maine Whole Care Fluoride Toothpaste Cinnamon-Clove Rating,Toothpaste,Active Ingredient: Sodium Monofluorophosphate (0.76%) (0.13% w/v Fluoride Ion). Inactive Ingredients: Glycerin  Water  Calcium Carbonate  Hydrated Silica  Xylitol  Chondrus Crispus (Carrageenan)  Sodium Lauryl Sulfate  Sodium Bicarbonate  Zinc Citrate  Cinnamomum Cassia (Cinnamon) Leaf Oil and Other Natural Flavors.,3
"Therabreath Dentist Formulated Anticavity / Fluoride Oral Rinse, Wacky",Mouthwash,Active Ingredients: Sodium Fluoride (0.02% w/v fluoride ion) 0.05%; Inactive Ingredients: WATER  GLYCERIN  SODIUM BENZOATE  FLAVOR (ORGANIC)  XYLITOL  CITRIC ACID  SUCRALOSE  SODIUM CITRATE,3
"Therabreath Anticavity Oral Rinse, Sparkling Mint Rating",Mouthwash,Active Ingredients: Sodium Fluoride (0.02% w/v fluoride ion) 0.05%; Inactive Ingredients: WATER  GLYCERIN  PEG-40 HYDROGENATED CASTOR OIL  CITRIC ACID  SODIUM HYDROXIDE  SODIUM CHLORITE  MENTHOL  CITRUS LEMON PEEL OIL  MENTHA PIPERITA OIL  SODIUM BENZOATE  SUCRALOSE  XYLITOL  SODIUM BICARBONATE,3
"Therabreath Anti Cavity Oral Rinse for Kids!, Strawberry Splash,",Mouthwash,Active Ingredients: Sodium Fluoride (0.02% w/v fluoride ion) 0.05%; Inactive Ingredients: WATER  GLYCERIN  SODIUM BENZOATE  FLAVOR  XYLITOL  CITRIC ACID  SUCRALOSE  SODIUM CITRATE,3
"TheraBreath For Kids! Anticavity Oral Rinse, Gorilla Grape (2019",Mouthwash,Active Ingredients: Sodium Fluoride 0.05%; Inactive Ingredients: INACTIVE INGREDIENTS: WATER  GLYCERIN  SODIUM BENZOATE  FLAVOR (ORGANIC)  XYLITOL  CITRIC ACID  SUCRALOSE  SODIUM CITRATE,3
"TheraBreath Dentist Formulated Healthy Smile Anticavity Oral Rinse,",Mouthwash,Active Ingredients: Sodium Fluoride 0.05%; Inactive Ingredients: WATER  GLYCERIN  PEG-40 HYDROGENATED CASTOR OIL  CITRIC ACID  SODIUM HYDROXIDE  SODIUM CHLORITE  MENTHOL  CITRUS LEMON PEEL OIL  MENTHA PIPERITA OIL  SODIUM BENZOATE  SUCRALOSE  XYLITOL  SODIUM BICARBONATE,3
"The Natural Dentist, Charcoal Whitening Fluoride Toothpaste, Coconut",Toothpaste,"Active Ingredients: Sodium fluoride
(0.14% w/v fluoride ion) 0.24%; Inactive Ingredients:   SORBITOL  WATER  HYDRATED SILICA  XYLITOL  GLYCERIN  ALOE BARBADENSIS LEAF EXTRACT  COCAMIDOPROPYL BETAINE  SODIUM COCOYL GLYCINATE  CELLULOSE GUM  NATURAL FLAVORS  COCOS NUCIFERA (COCONUT) OIL  STEVIOSIDE  ACTIVATED CHARCOAL POWDER  ECHINACEA PURPUREA EXTRACT  HYDRASTIS CANADENSIS (GOLDENSEAL) EXTRACT  CALENDULA OFFICINALIS EXTRACT  ZINC CITRATE  GRAPE SEED EXTRACT",3
"The Natural Dentist Cocomint Charcoal Whitening Fluoride Toothpaste,",Toothpaste,Active Ingredients: Sodium Fluoride (0.15% W/V Fluoride Ion) 0.24%; Inactive Ingredients: SORBITOL  HYDRATED SILICA  GLYCERIN  XYLITOL  WATER  CHARCOAL POWDER  COCAMIDOPROPYL BETAINE  SODIUM COCOYL GLYCINATE  FLAVOR  CELLULOSE GUM  XANTHAN GUM  CITRUS GRANDIS (GRAPEFRUIT) SEED EXTRACT  ALOE BARBADENSIS LEAF JUICE.,3
"The Natural Dentist Cavity Zapper Fluoride Gel Toothpaste, Groovy Grape",Toothpaste,Active Ingredients: Sodium Fluoride (0.15% W/V Fluoride Ion) 0.24%; Inactive Ingredients: VEGETABLE GLYCERIN  PURIFIED WATER  SORBITOL  HYDRATED SILICA  XYLITOL  ALOE BARBADENSIS LEAF JUICE  COCAMIDOPROPYL BETAINE  SODIUM COCOYL GLYCINATE  CELLULOSE GUM  FLAVOR  XANTHAN GUM  CITRUS GRANDIS (GRAPEFRUIT) SEED EXTRACT  MICA  STEVIA REBAUDIANA EXTRACT  TITANIUM DIOXIDE.,3
