"Too Faced, Hangover Pillow Balm, Ultra Hydrating & Nourishing Lip",Lip Balm,PETROLATUM  HYDROGENATED POLYISOBUTENE  BIS-DIGLYCERYL POLYACYLADIPATE-2  ETHYLENE/PROPYLENE/STYRENE COPOLYMER  OCTYLDODECANOL  POLYETHYLENE  VP/HEXADECENE COPOLYMER  TOCOPHERYL ACETATE  SODIUM HYALURONATE  BUTYROSPERMUM PARKII (SHEA) BUTTER  COCOS NUCIFERA (COCONUT) FRUIT JUICE  COCOS NUCIFERA (COCONUT) LIQUID ENDOSPERM  CUCUMIS SATIVUS (CUCUMBER) FRUIT EXTRACT  HELIANTHUS ANNUUS (SUNFLOWER) SEED EXTRACT  HORDEUM VULGARE (BARLEY) EXTRACTEXTRAIT D'ORGE  MANGIFERA INDICA (MANGO) SEED BUTTER  OLEA EUROPAEA (OLIVE) FRUIT OIL  PERSEA GRATISSIMA (AVOCADO) OIL  RICINUS COMMUNIS (CASTOR) SEED OIL  YOGURT POWDER  LACTOBACILLUS FERMENT  GLYCERIN  PHYTOSTEROLS  MENTHOL  POLYDECENE  PROPYLENE GLYCOL DICAPRATE  C12-15 ALKYL BENZOATE  WATERAQUAEAU  SORBITAN OLEATE  METEORITE POWDER  CHOLESTEROL  BUTYLENE/ETHYLENE/STYRENE COPOLYMER  SILICA  POLYGLYCERYL-10 HEPTAHYDROXYSTEARATE  HYDROGENATED CASTOR OIL  FLAVOR (AROMA)  SACCHARIN  BHT  TETRAHEXYLDECYL ASCORBATE  PHENOXYETHANOL  [+/- MICA  TITANIUM DIOXIDE (CI 77891)  IRON OXIDES (CI 77491)  IRON OXIDES (CI 77492)  IRON OXIDES (CI 77499)  BISMUTH OXYCHLORIDE (CI 77163)  BLUE 1 LAKE (CI 42090)  RED 6 (CI 15850)  RED 7 (CI 15850)  RED 21 (CI 45380)  RED 27 (CI 45410)  RED 28 (CI 45410)  RED 33 (CI 17200)  RED 6 LAKE (CI 15850)  RED 7 LAKE (CI 15850)  RED 21 LAKE (CI 45380)  RED 27 LAKE (CI 45410)  RED 28 LAKE (CI 45410)  RED 33 LAKE (CI 17200)  YELLOW 5 (CI 19140)  YELLOW 6 (CI 15985)  YELLOW 5 LAKE (CI 19140)  YELLOW 6 LAKE (CI 15985)],8
"Crest Fluoride Toothpaste for Anticavity, Antigingivitis and Sensitive",Toothpaste,Active Ingredients: Stannous Fluoride (0.16% W/V Fluoride Ion) 0.454%; Inactive Ingredients: GLYCERIN  HYDRATED SILICA  SODIUM HEXAMETAPHOSPHATE  PROPYLENE GLYCOL  PEG-6  WATER  ZINC LACTATE  TRISODIUM PHOSPHATE  FLAVOR  SODIUM LAURYL SULFATE  SODIUM GLUCONATE  CARRAGEENAN  SODIUM SACCHARIN  XANTHAN GUM  BLUE 1,6
"Colgate Total Anticavity, Antigingivitis and Antisensitivity Toothpaste",Toothpaste,Active Ingredients: STANNOUS FLUORIDE (0.15% W/V FLUORIDE ION) 0.454%; Inactive Ingredients: WATER  SORBITOL  HYDRATED SILICA  GLYCERIN  PEG-12  TETRASODIUM PYROPHOSPHATE  SODIUM LAURYL SULFATE  FLAVOR  MICROCRYSTALLINE CELLULOSE  SODIUM CITRATE  ZINC PHOSPHATE  CELLULOSE GUM  SODIUM SACCHARIN  COCAMIDOPROPYL BETAINE  PROPYLENE GLYCOL  XANTHAN GUM  CITRIC ACID  SUCRALOSE  TITANIUM DIOXIDE,6
"Colgate Total Anticavity, Antigingivitis and Antisensitivity Stannous",Toothpaste,active ingredients: stannous fluoride .454% (.15% w/v fluoride ion)  inactive ingredients: WATER  SORBITOL  HYDRATED SILICA  GLYCERIN  PEG-12  TETRASODIUM PYROPHOSPHATE  FLAVOR  SODIUM LAURYL SULFATE  ZINC PHOSPHATE  CELLULOSE GUM  SODIUM CITRATE  MICROCRYSTALLINE CELLULOSE  SODIUM SACCHARIN  COCAMIDOPROPYL BETAINE  XANTHAN GUM  CITRIC ACID  MICA  SUCRALOSE  BLUE 1  TITANIUM DIOXIDE.,6
"Wet Ones Hand Sanitizer, Fresh Scent Rating",Hand Sanitizer,Active Ingredients: ETHYL ALCOHOL 69.0%; Inactive Ingredients:  WATER  PANTHENOL  ACRYLATES/C10-30 ALKYL ACRYLATE CROSSPOLYMER  GLYCERIN  PROPYLENE GLYCOL  ISOPROPYL MYRISTATE  FRAGRANCE  PEG-40 HYDROGENATED CASTOR OIL/IPDI  AMINOMETHYL PROPANOL  TOCOPHERYL ACETATE  RICINUS COMMUNIS (CASTOR) SEED OIL  ALOE BARBADENSIS LEAF JUICE POWDER.,4
Tom's of Maine Women's Long Lasting Natural Aluminum Free Deodorant,Antiperspirant/Deodorant,Propylene Glycol  Glycerin  Water  Sodium Stearate  Aloe Vera (Aloe Barbadensis) Leaf Juice (Organic)  Witch Hazel (Hamamelis Virginiana) Water  Glyceryl Laurate  Chamomila Recuita (Matricaria) Flower Aqueous Extract  Hops (Humulus Lupulus) Extract [CO2]  Capric/Caprylic Stearic Triglyceride  Ascorbic Acid (Vitamin C),4
"Tom's of Maine Luminous White Anticavity Fluoride Toothpaste, Clean Mint",Toothpaste,Active Ingredients: Sodium Fluoride (0.15% W/V Fluoride Ion) 0.24%; Inactive Ingredients: HYDRATED SILICA  WATER  GLYCERIN  SORBITOL  XYLITOL  SODIUM LAURYL SULFATE  NATURAL FLAVOR**  XANTHAN GUM  TITANIUM DIOXIDE  CARRAGEENAN,4
"Tom's of Maine Deodorant, Mandarin & Ylang Rating",Antiperspirant/Deodorant,PROPYLENE GLYCOL  WATER  GLYCERIN  SODIUM STEARATE  ALOE BARBADENSIS LEAF JUICE*  GLYCERYL LAURATE  FRAGRANCE** RAPHANUS SATIVUS (RADISH) ROOT EXTRACT  SODIUM HYALURONATE.,4
"Stonewall Kitchen Michel Design Works Foaming Shea Butter Hand Soap,",Liquid Hand Soap,WATER (AQUA  EAU)  SODIUM LAURETH SULFATE  SODIUM COCOAMPHOACETATE  GLYCERIN  FRAGRANCE (PARFUM)  SODIUM CHLORIDE  CITRUS GRANDIS (GRAPEFRUIT) FRUIT EXTRACT  LAVANDULA ANGUSTIFOLIA (LAVENDER) EXTRACT  CAMELLIA SINENSIS LEAF EXTRACT  CHRYSANTHEMUM PARTHENIUM (FEVERFEW) EXTRACT  ALGAE EXTRACT  ALOE BARBADENSIS FLOWER EXTRACT  DISODIUM EDTA  TOCOPHEROL  SIMMONDSIA CHINENSIS (JOJOBA) SEED OIL  BUTYROSPERMUM PARKII (SHEA) BUTTER  ACETYLATED HYDROGENATED LANOLIN  ALOE BARBADENSIS LEAF POLYSACCHARIDES  METHYLCHLOROISOTHIAZOLINONE  METHYLISOTHIAZOLINONE  HEXAMIDINE DIISETHIONATE  CITRIC ACID  BENZOPHENONE-4  LIMONENE  LINALOOL  RED 4 (CI 14700)  YELLOW 5 (CI 19140),4
Sensodyne Pronamel Toothpaste for Sensitive Teeth and Cavity Prevention,Toothpaste,Active Ingredients: Potassium Nitrate 5.0%  Sodium Fluoride (0.15% W/V Fluoride Ion) 0.25%; Inactive Ingredients: WATER  SORBITOL  HYDRATED SILICA  GLYCERIN  PEG-8  COCAMIDOPROPYL BETAINE  FLAVOR  TITANIUM DIOXIDE  XANTHAN GUM  SODIUM SACCHARIN  SODIUM HYDROXIDE,4
Sensodyne Pronamel Mineral Boost Toothpaste for Sensitive Teeth and,Toothpaste,Active Ingredients: Potassium Nitrate 5.0%; Inactive Ingredients: WATER  SORBITOL  HYDRATED SILICA  GLYCERIN  COCAMIDOPROPYL BETAINE  FLAVOR  XANTHAN GUM  TITANIUM DIOXIDE  SODIUM SACCHARIN  SODIUM HYDROXIDE,4
Sensodyne Nourish Healthy White Toothpaste for Sensitive Teeth and Cavity,Toothpaste,Active Ingredients: Potassium Nitrate 5.0%  Sodium Fluoride 0.25%; Inactive Ingredients: WATER  SORBITOL  HYDRATED SILICA  GLYCERIN  SODIUM LAURYL SULFATE  FLAVOR  XANTHAN GUM  COCAMIDOPROPYL BETAINE  SODIUM SACCHARIN  TITANIUM DIOXIDE,4
Self Love Rituals Happy Feet Moisturize & Exfoliate Foot Lotion With Shea,Foot Moisturizer,WATER  GLYCERIN  ETHYLHEXYL PALMITATE  STEARIC ACID  GLYCERYL STEARATE  BUTYROSPERMUM PARKII (SHEA) BUTTER  PHENOXYETHANOL  FRAGRANCE  CAPRYLYL GLYCOL  CARBOMER  POTASSIUM HYDROXIDE. MAY CONTAIN: RED 33  BLUE 1  YELLOW 5  RED 4,4
"Rexall Maximum Strength Sensitive Toothpaste With Fluoride, Fresh Mint",Toothpaste,Active Ingredients: Potassium Nitrate 5.0%  SODIUM CHLORIDE 0.24%; Inactive Ingredients: INACTIVE INGREDIENTS WATER  SORBITOL  HYDRATED SILICA  GLYCERIN  TRISODIUM PHOSPHATE  XANTHAN GUM  FLAVOR  SODIUM LAURYL SULFATE  TITANIUM DIOXIDE  SODIUM SACCHARIN  YELLOW 10  BLUE 1. ,4
"Raw Sugar Sensitive Skin Simply Hand Wash, Green Tea + Cucumber + Aloe",Liquid Hand Soap,PURIFIED WATER  SODIUM COCOAMPHOACETATE  LAURYL GLUCOSIDE  SODIUM COCOYL GLUTAMATE  SODIUM LAURYL GLUCOSE CARBOXYLATE  GLYCERIN  SODIUM LAUROYL GLUTAMATE  DECYL GLUCOSIDE  POTASSIUM SORBATE  FRAGRANCE  POLYSORBATE 20  HYDROXYETHYLCELLULOSE  SODIUM BENZOATE  CITRIC ACID  OLEA EUROPAEA (OLIVE) FRUIT OIL(COLD PRESS)  LIMNANTHES ALBA (MEADOWFOAM) SEED OIL (COLD PRESS)  SIMMONDSIA CHINENSIS (JOJOBA) SEED OIL (COLD PRESS)  *CAMELLIA SINENSIS (GREEN TEA) LEAF EXTRACT  *CUCUMIS SATIVUS (CUCUMBER) FRUIT EXTRACT  *ALOE BARBADENSIS LEAF JUICE (ALOE VERA)  *ZINGIBER OFFICINALE (GINGER) ROOT EXTRACT  *SYMPHYTUM OFFICINALE LEAF EXTRACT (COMFREY)  *HIBISCUS SABDARIFFA FLOWER EXTRACT  PHENOXYETHANOL  BENZYL ALCOHOL  DEHYDROACETIC ACID,4
"Raw Sugar Sensitive Skin Simply Hand Wash, Almond Milk + Agave + Oatmeal",Liquid Hand Soap,PURIFIED WATER (AQUA)  SODIUM COCOAMPHOACETATE  LAURYL GLUCOSIDE  SODIUM COCOYL GLUTAMATE  SODIUM LAURYL GLUCOSE CARBOXYLATE  GLYCERIN  SODIUM LAUROYL GLUTAMATE  DECYL GLUCOSIDE  POTASSIUM SORBATE  FRAGRANCE  POLYSORBATE 20  HYDROXYETHYLCELLULOSE  SODIUM BENZOATE  CITRIC ACID  OLEA EUROPAEA (OLIVE) FRUIT OIL(COLD PRESS)  LIMNANTHES ALBA (MEADOWFOAM) SEED OIL (COLD PRESS)  SIMMONDSIA CHINENSIS (JOJOBA) SEED OIL (COLD PRESS)  *PRUNUS AMYGDALUS DULCIS (SWEET ALMOND) FRUIT EXTRACT  *AGAVE EXTRACT  *AVENA SATIVA (OAT) KERNEL EXTRACT)  *ZINGIBER OFFICINALE (GINGER) ROOT EXTRACT  *SYMPHYTUM OFFICINALE LEAF EXTRACT (COMFREY)  *HIBISCUS SABDARIFFA FLOWER EXTRACT  PHENOXYETHANOL  BENZYL ALCOHOL  DEHYDROACETIC ACID,4
Palmer's Skin Success Anti Dark Spot Niacinamide 5% Fade Cream for All,Facial Moisturizer/Treatment,WATER (AQUA)  GLYCERYL STEARATE  MINERAL OIL (PARAFFINUM LIQUIDUM)  NIACINAMIDE  PROPYLENE GLYCOL  STEARYL STEARATE  CETEARYL ALCOHOL  PEG-75 LANOLIN  PEG-100 STEARATE  DIMETHICONE  CETEARETH-20  ISOPROPYL MYRISTATE  RETINOL  TRICHOLOMA MATSUTAKE EXTRACT  ASCORBYL GLUCOSIDE  TOCOPHERYL ACETATE  ETHYLHEXYL SALICYLATE  LEUCONOSTOC/RADISH ROOT FERMENT FILTRATE  CITRIC ADD  DISODIUM EDTA  BUTYLENE GLYCOL  MAGNESIUM ALUMINUM SILICATE  XANTHAN GUM  CAPRYLIC/CAPRIC TRIGLYCERIDE  SODIUM SULFITE  SODIUM METABISULFITE  SODIUM LAURYL SULFATE  SODIUM SULFATE  BHT  ETHYLHEXYLGLYCERIN  PHENOXYETHANOL  FRAGRANCE (PARFUM)  CITRONELLOL  HYDROXYCITRONELLAL  BUTYLPHENYL METHYLPROPIONAL  LINALOOL  LIMONENE  ALPHA-ISOMETHYL IONONE.,4
"Mrs. Meyer's Clean Day Hand Soap Made With Olive Oil & Aloe Vera,",Liquid Hand Soap,CONTAINS: WATER  COCAMIDOPROPYL HYDROXYSULTAINE  SODIUM METHYL 2-SULFOLAURATE  GLYCERIN  CITRUS DULCIS AURANTIUM (ORANGE) PEEL OIL  PINUS SYLVESTRIS (PINE) LEAF OIL  FRAGRANCE  (LIMONENE)  OLEA EUROPAEA (OLIVE) FRUIT OIL  ALOE BARBADENSIS LEAF JUICE  DISODIUM 2-SULFOLAURATE  CITRIC ACID  SODIUM CHLORIDE  POTASSIUM SORBATE  SODIUM BENZOATE.,4
"Megababe Daily Deodorant, Soapy Pits Rating",Antiperspirant/Deodorant,PROPANEDIOL  WATER  ALOE BARBADENSIS LEAF JUICE  SODIUM STEARATE  ZEA MAYS (CORN) STARCH  GLYCERIN  FRAGRANCE  CITRUS AURANTIFOLIA (LIME) OIL  JUNIPERUS MEXICANA (CEDARWOOD) OIL  COCOS NUCIFERA (COCONUT) OIL  CAMELLIA SINENSIS LEAF (GREEN TEA) EXTRACT  SANTALUM ALBUM (SANDALWOOD) OIL  SALVIA OFFICINALIS (SAGE) LEAF EXTRACT  EQUISETUM ARVENSE (HORSETAIL PLANT) EXTRACT  TOCOPHERYL ACETATE (VITAMIN E)  CITRIC ACID  POTASSIUM SORBATE  SODIUM BENZOATE  PHENOXYETHANOL  ETHYLHEXYGLYCERIN.,4
"Megababe Daily Deodorant, Rosy Pits Rating",Antiperspirant/Deodorant,PROPANEDIOL  WATER  ALOE BARBADENSIS LEAF JUICE  SODIUM STEARATE  ZEA MAYS (CORN) STARCH  GLYCERIN  FRAGRANCE  PHENOXYETHANOL  ETHYLHEXYLGLYCERIN  BENZYL BENZOATE  COCOS NUCIFERA (COCONUT) OIL  TOCOPHERYL ACETATE (VITAMIN E)  CAMELLIA OLEIFERA LEAF (GREEN TEA) EXTRACT  SANTALUM ALBUM (SANDALWOOD) OIL  ROSA GALLICA FLOWER EXTRACT  EQUISETUM ARVENSE (HORSETAIL PLANT) EXTRACT  SALVIA OFFICINALIS (SAGE) LEAF EXTRACT,4
"Love Beauty and Planet Beloved Foaming Hand Wash, Cranberry & Orange",Liquid Hand Soap,WATER (AQUA)  COCAMIDOPROPYL BETAINE  GLYCERIN  SODIUM METHYL LAUROYL TAURATE  SODIUM COCOYL ISETHIONATE  PHENOXYETHANOL  FRAGRANCE (PARFUM)  POLYSORBATE 20  PPG-9  STEARIC ACID  LAURIC ACID  PALMITIC ACID  TETRASODIUM EDTA  IODOPROPYNYL BUTYLCARBAMATE  CITRIC ACID  VACCINIUM MACROCARPON (CRANBERRY) FRUIT JUICE  CITRUS AURANTIUM DULCIS (ORANGE) FLOWER OIL  CITRUS AURANTIUM DULCIS (ORANGE) PEEL OIL  GERANIOL  LIMONENE  LINALOOL  BLUE 1 (CI 42090)  RED 33 (CI 17200)  RED 4 (CI 14700).,4
"Love Beauty and Planet Beloved Foaming Hand Wash, Apple & Cinnamon Bark",Liquid Hand Soap,WATER (AQUA)  CAPRYLYL/CAPRYL GLUCOSIDE  COCAMIDOPROPYL BETAINE  GLYCERIN  DECYL GLUCOSIDE  SODIUM METHYL COCOYL TAURATE  GLUCONOLACTONE  SODIUM CHLORIDE  FRAGRANCE (PARFUM)  SODIUM BENZOATE  CITRIC ACID  ALOE BARBADENSIS LEAF JUICE  TETRASODIUM GLUTAMATE DIACETATE  PYRUS MALUS (APPLE) FRUIT EXTRACT  CINNAMOMUM ZEYLANICUM BARK OIL  MYRISTICA FRAGRANS (NUTMEG) KERNEL OIL  EUGENOL  GERANIOL  LIMONENE  LINALOOL  RED 4 (CI 14700)  YELLOW 5 (CI 19140).,4
Kroger Maximum Strength Sensitive + Extra Whitening Toothpaste With,Toothpaste,Active Ingredients: Potassium nitrate 5.0%  Sodium fluoride 0.24%; Inactive Ingredients: WATER  SORBITOL  HYDRATED SILICA  GLYCERIN  PENTASODIUM TRIPHOSPHATE  PEG-8  FLAVOR  TITANIUM DIOXIDE  SODIUM METHYL COCOYL TAURATE  COCAMIDOPROPYL BETAINE  XANTHAN GUM  SODIUM HYDROXIDE  SODIUM SACCHARIN,4
"Hello Naturally Friendly Antiplaque + Whitening Fluoride Free Toothpaste,",Toothpaste,SORBITOL (HUMECTANT)  PURIFIED WATER (HOORAY)  HYDRATED SILICA (POLISHES AND CLEANS TEETH)  VEGETABLE GLYCERIN (SOOTHES AND MOISTURIZES)  CALCIUM CARBONATE (POLISHES AND CLEANS TEETH)  XYLITOL (SWEETENER)  ERYTHRITOL (SWEETENER)  XANTHAN GUM (THICKENER)  FLAVOR (FRESHENS BREATH)  TITANIUM DIOXIDE (MINERAL)  COCONUT OIL (SOOTHES AND MOISTURIZES)  ZINC CITRATE (CONTROLS TARTAR)  COCAMIDOPROPYL BETAINE (CLEANSER)  SODIUM COCOYL GLUTAMATE (CLEANSER)  POTASSIUM SORBATE (MAINTAINS STABILITY)  STEVIA REBAUDIANA LEAF EXTRACT (SWEETENER) AND TEA TREE OIL (CLEANS AND FRESHENS BREATH),4
"Equate Liquid Hand Soap, Water Lily (2019 formulation) Rating",Liquid Hand Soap,WATER (7732-18-5)  SODIUM LAURETH SULFATE (68585-34-2)  SODIUM CHLORIDE (7647-14-5)  GLYCERIN (56-81-5)  COCAMIDOPROPYL BETAINE (61789-40-0)  SODIUM LAURYL SULFATE (68585-47-7)  DISODIUM COCOAMPHODIPROPIONATE (68604-71-7)  FRAGRANCE (PROPRIETARY  SEE HTTP://WWW.IFRAORG.ORG/)  CITRIC ACID (77-92-9)  METHYLCHLOROISOTHIAZOLINONE (26172-55-4)  METHYLISOTHIAZOLINONE (2682-20-4),4
"Dove Moisturizing Hand Sanitizer Wipes, Aloe & Eucalyptus Rating",Hand Sanitizer,Active Ingredients: Ethyl Alcohol 76.0%; Inactive Ingredients: WATER (AQUA)  GLYCERIN  BUTYLENE GLYCOL  FRAGRANCE (PARFUM)  NIACINAMIDE  TOCOPHERYL ACETATE  STEARIC ACID  TETRASODIUM EDTA  HEXYL CINNAMAL  LIMONENE  LINALOOL,4
Dove Men + Care Ultimate Smooth Glide Solid Antiperspirant 48 H Long,Antiperspirant/Deodorant,Active Ingredients: ALUMINUM SESQUICHLOROHYDRATE 12.15%; Inactive Ingredients: WATER (AQUA)  CYCLOPENTASILOXANE  C12-15ALKYL BENZOATE  SYNTHETIC WAX  GLYCERIN  CALCIUM CHLORIDE  CETYL PEG/PPG-10/1 DIMETHICONE  GLYCINE  FRAGRANCE (PARFUM)  HELIANTHUS ANNUUS (SUNFLOWER) SEED OIL  ALPHA-ISOMETHYL IONONE  COUMARIN  HEXYL CINNAMAL  HYDROXYCITRONELLAL  LIMONENE  LINALOOL,4
"Dial Complete Foaming Antibacterial Hand Wash, Soothing White Tea (2020",Liquid Hand Soap,Active Ingredients: BENZALKONIUM CHLORIDE 0.13%; Inactive Ingredients: AQUA (WATER  EAU)  GLYCERIN  LAURAMINE OXIDE  CETRIMONIUM CHLORIDE  COCAMIDOPROPYL BETAINE  CITRIC ACID  SODIUM BENZOATE  HYDROXYPROPYL METHYLCELLULOSE  PARFUM (FRAGRANCE)  ZINC SULFATE  SODIUM CHLORIDE  DIMETHYL LAURAMINE  TETRASODIUM EDTA  ALCOHOL  DIMETHYL MYRISTAMINE  CI 47005 (YELLOW 10)  CI 42053 (GREEN 3),4
"Dial Complete Foaming Antibacterial Hand Wash, Original Scent (2020",Liquid Hand Soap,Active Ingredients: BENZETHONIUM CHLORIDE 0.2%; Inactive Ingredients: WATER  GLYCERIN  LAURAMINE OXIDE  FRAGRANCE  SUNFLOWERSEEDAMIDOPROPYL ETHYLDIMONIUM ETHOSULFATE AND PEG-9  COCAMIDOPROPYL BETAINE  HYDROXYPROPYL METHYLCELLULOSE  DMDM HYDANTOIN  CHLORHEXIDINE DIGLUCONATE  CITRIC ACID  ZINC SULFATE  TETRASODIUM EDTA  YELLOW 5  RED 4,4
Crest Pro-Health Advanced with Extra Deep Clean Anticavity Fluoride,Mouthwash,Active Ingredients: Sodium Fluoride (0.01% W/V Fluoride Ion) 0.02%; Inactive Ingredients: WATER  ALCOHOL (8 WT%)  GLYCERIN  DISODIUM PYROPHOSPHATE  TETRASODIUM PYROPHOSPHATE  POLYSORBATE 80  FLAVOR  POLOXAMER 407  SODIUM SACCHARIN  SUCRALOSE  BLUE 1,4
"Crest Pro Health Fluoride Toothpaste for Anticavity, Antigingivitis and",Toothpaste,STANNOUS FLUORIDE (0.14% W/V FLUORIDE ION) 0.454%  INACTIVE INGREDIENTS WATER  SORBITOL  HYDRATED SILICA  SODIUM LAURYL SULFATE  CARRAGEENAN  SODIUM GLUCONATE  FLAVOR  XANTHAN GUM  ZINC CITRATE  STANNOUS CHLORIDE  SODIUM HYDROXIDE  SODIUM SACCHARIN  SUCRALOSE  MICA  TITANIUM DIOXIDE  BLUE 1,4
"Crest 3D White Brilliance Fluoride Anticavity Toothpaste, Vibrant",Toothpaste,Active Ingredients: Sodium Fluoride 0.243%; Inactive Ingredients:  GLYCERIN  HYDRATED SILICA  SODIUM HEXAMETAPHOSPHATE  WATER  PEG-6  FLAVOR  TRISODIUM PHOSPHATE  SODIUM LAURYL SULFATE  CARRAGEENAN  COCAMIDOPROPYL BETAINE  SODIUM SACCHARIN  PEG-20M OR PEG-23M  XANTHAN GUM  SUCRALOSE  MICA  TITANIUM DIOXIDE,4
"Crest 3 D White Professional Fluoride Anticavity Toothpaste, Ultra White",Toothpaste,ACTIVE INGREDIENTS: SODIUM MONOFLUOROPHOSPHATE 1.14%  INACTIVE INGREDIENTS WATER   CALCIUM PYROPHOSPHATE  GLYCERIN  HYDROGEN PEROXIDE (4% W/V)  SODIUM LAURYL SULFATE  FLAVOR  POLYACRYLATE CROSSPOLYMER-6  CETEARYL ALCOHOL  DISODIUM PYROPHOSPHATE  SUCRALOSE  TETRASODIUM PYROPHOSPHATE,4
"Crest 3 D White Brilliance Fluoride Anticavity Toothpaste, Vibrant",Toothpaste,Active Ingredients: Sodium Fluoride (0.243% W/V Fluoride Ion); Inactive Ingredients: GLYCERIN  HYDRATED SILICA  SODIUM HEXAMETAPHOSPHATE  WATER  PEG-6  FLAVOR  SODIUM LAURYL SULFATE  TRISODIUM PHOSPHATE  COCAMIDOPROPYL BETAINE  SODIUM SACCHARIN  CARRAGEENAN  PVP  XANTHAN GUM  SUCRALOSE  MICA  TITANIUM DIOXIDE,4
Colgate Total Daily Repair Toothpaste Rating,Toothpaste,ACTIVE INGREDIETS: SODIUM FLUORIDE 0.24%  TRICLOSAN 0.30%  INACTIVE INGREDIENTS: WATER  HYDRATED SILICA  GLYCERIN  SORBITOL  PVM/MA COPOLYMER  SODIUM LAURYL SULFATE  CELLULOSE GUM  FLAVOR  SODIUM HYDROXIDE  PROPYLENE GLYCOL  CARRAGEENAN  SODIUM SACCHARIN  TITANIUM DIOXIDE,4
"Colgate Total Anticavity, Antigingivitis and Antisensitivity Toothpaste,",Toothpaste,  WATER  SORBITOL  HYDRATED SILICA  GLYCERIN  PEG-12  TETRASODIUM PYROPHOSPHATE  SODIUM LAURYL SULFATE  FLAVOR  ZINC PHOSPHATE  CELLULOSE GUM  SODIUM CITRATE  MICROCRYSTALLINE CELLULOSE  SODIUM SACCHARIN  COCAMIDOPROPYL BETAINE  PROPYLENE GLYCOL  XANTHAN GUM  CITRIC ACID  SUCRALOSE  TITANIUM DIOXIDE.,4
Colgate Max Fresh Anticavity Fluoride Toothpaste With Whitening Breath,Toothpaste,Active Ingredients: Sodium Fluoride 0.24%; Inactive Ingredients: SORBITOL  WATER  HYDRATED SILICA  PEG-12  SODIUM LAURYL SULFATE  FLAVOR  CELLULOSE GUM  TETRASODIUM PYROPHOSPHATE  COCAMIDOPROPYL BETAINE  SODIUM SACCHARIN  HYDROXYPROPYL METHYLCELLULOSE  BLUE 1  TITANIUM DIOXIDE  YELLOW 5,4
Colgate Cavity Protection Toothpaste Rating,Toothpaste,Active Ingredient: Sodium Monofluorophosphate (0.76%) (0.15% w/v Fluoride Ion). Inactive Ingredients: Dicalcium Phosphate Dihydrate  Water  Glycerin  Sodium Lauryl Sulfate  Cellulose Gum  Flavor  Tetrasodium Pyrophosphate  Sodium Saccharin.,4
"Colgate Baking Soda & Peroxide Whitening Anticavity Fluoride Toothpaste,",Toothpaste,Active Ingredients: Sodium Monofluorophosphate (0.14% w/v Fluoride Ion) 0.76%; Inactive Ingredients: INACTIVE INGREDIENTS: GLYCERIN  HYDRATED SILICA  WATER  SODIUM BICARBONATE  PEG-12  SODIUM LAURYL SULFATE  FLAVOR  SODIUM HYDROXIDE  CELLULOSE GUM  CARRAGEENAN  SODIUM SACCHARIN  CALCIUM PEROXIDE  TITANIUM DIOXIDE,4
"Chapstick Total Hydration Vitamin Enriched Tinted Lip Oil, Sheer Plum",Lip Balm,OCTYLDODECANOL  RICINUS COMMUNIS (CASTOR) SEED OIL  ETHYLCELLULOSE  CAPRYLIC/CAPRIC TRIGLYCERIDE  TRIHYDROXYSTEARIN  PHENOXYETHANOL  POLYGLYCERYL-3 DIISOSTEARATE  FLAVOR  RED 33 LAKE  LINUM USITATISSIMUM (LINSEED) SEED OIL  OLEA EUROPAEA (OLIVE) FRUIT OIL  RIBES NIGRUM (BLACK CURRANT) SEED OIL  TOCOPHEROL  ASCORBYL PALMITATE  ETHYLHEXYLGLYCERIN  HELIANTHUS ANNUUS (SUNFLOWER) SEED OIL  WATER  GLYCINE SOJA (SOYBEAN) OIL  CITRUS GRANDIS (GRAPEFRUIT) PEEL EXTRACT,4
"Arm & Hammer Kids! Healthy Teeth Fluoride Anticavity Toothpaste, Fruit",Toothpaste,"Active Ingredients: Sodium fluoride
(0.15% w/v fluoride ion) 0.24%; Inactive Ingredients: SORBITOL  WATER  HYDRATED SILICA  GLYCERIN  CELLULOSE GUM  NATURAL FLAVOR  COCAMIDOPROPYL BETAINE  STEVIA REBAUDIANA LEAF EXTRACT  SODIUM BICARBONATE.",4
"Active Wow All Natural Whitening Toothpaste, Charcoal + Mint, Charcoal +",Toothpaste,CALCIUM CARBONATE  WATER (PURIFIED)  XYLITOL  HYDRATED SILICA  GLYCERIN  FLAVOR  CHARCOAL POWDER  SODIUM LAUROYL SARCOSINATE  SODIUM BICARBONATE  COCOS NUCIFERA (COCONUT) OIL  MELALEUCA ALTERNIFOLIA (TEA TREE) LEAF OIL  XANTHAN GUM  CITRIC ACID,4
"365 Everyday Value Foaming Hand Soap, Sandalwood (2019 formulation)",Liquid Hand Soap,WATER  SODIUM MYRISTOYL SARCOSINATE  SODIUM COCOAMPHOACETATE  PHENOXYETHANOL  NATURAL FRAGRANCE  GLYCERIN  DISODIUM COCOAMPHODIPROPIONATE  CAPRYLYL GLYCOL  COCAMIDOPROPYL HYDROXYSULTAINE  CITRIC ACID  ALLANTOIN  TOCOPHEROL (VITAMIN E)  ORGANIC ALOE BARBADENSIS  BUTYROSPERMUM PARKII (SHEA BUTTER).,4
"Soapbox Hand Sanitizer, Light Citrus Rating",Hand Sanitizer,Active Ingredients: ETHYL ALCOHOL 70.0%; Inactive Ingredients: INACTIVE INGREDIENTS PURIFIED WATER  ISOPROPYL ALCOHOL  PROPYLENE GLYCOL  ALOE BARBADENSIS LEAF JUICE (DECOLORIZED)  CARBOMER  GLYCERIN  AMINOMETHYL PROPANOL  ISOPROPYL MYRISTATE  TOCOPHERYL ACETATE,3
Minnie Mouse Disney Foam Hand Soap Rating,Liquid Hand Soap,AQUA  DISODIUM EDTA  PEG-150 DISTEARATE  SODIUM LAURETH SULFATE  COCOAMIDOPROPYL BETAINE  GLYCERIN  5-CHLORO-2-METHYL-4-ISOTHIAZOLIN-3-ONE / 2-METHYL-4-ISOTHIAZOLIN-3-ONE / 2-BROMO-2-NITRO-1  3-DIOL,3
"Honestly Phresh Deodorant, Barely Sweet (2020 formulation) Rating",Antiperspirant/Deodorant,BUTYROSPERMUM PARKII (SHEA BUTTER)  MARANTA ARUNDINACEA (ARROWROOT) POWDER*  FAIR TRADE CERTIFIED COCOS NUCIFERA (COCONUT) OIL*  MAGNESIUM HYDROXIDE  VEGETABLE GLYCERIN*(NON PALM)  ORIZA SATIVA (RICE BRAN) WAX  ALPHA-GLUCAN OLIGOSACCHARIDE  SALVIA OFFICINALIS (SAGE) OIL  TRIETHYL CITRATE  SODIUM CAPROYL/LACTYLATE  PASSIFLORA EDULIS (PASSION FRUIT) OIL  CITRUS AURANTIUM BERGAMIA (BERGAMOT) FRUIT OIL  VITAMIN E (SUNFLOWER DERIVED),3
"Fresh Sugar Hydrating Lip Balm, Caramel Rating",Lip Balm,Isononyl Isononanoate  C10-30 Cholesterol/Lanosterol Esters  Bis-Diglyceryl Polyacyladipate-2  Cera Microcristallina (Microcrystalline Wax)  Polybutene  Ethylene/Propylene/Styrene Copolymer  Glyceryl Behenate/Eicosadioate  Prunus Armeniaca (Apricot) Kernel Oil  Butylene/Ethylene/Styrene Copolymer  Parfum (Fragrance)  Ribes Nigrum (Black Currant) Seed Oil  Sucrose Tetrastearate Triacetate  Vitis Vinifera (Grape) Seed Oil  Tocopherol  Ascorbyl Palmitate  Silica Silylate  Benzotriazolyl Dodecyl P-Cresol  Ammonium Glycyrrhizate  Pentaerythrityl Tetra-Di-T-Butyl Hydroxyhydrocinnamate  Polyglyceryl-2 Triisostearate  Vanillin  Ci 77492 (Iron Oxides)  Ci 77491 (Iron Oxides)  Trimethylolpropane Triisostearate  Aqua (Water)  Ci 77499 (Iron Oxides)  Propyl Gallate  Bht  Limonene  Linalool  Citral  Benzyl Alcohol <15554>,3
"Fresco by Scentfull, 3 in 1 Hand Care, Mango Nectar Rating",Liquid Hand Soap,WATER  SODIUM C14-16 OLEFIN SULFONATE  COCAMIDOPROPYL BETAINE  FRAGRANCE  SODIUM METHYL COCOYL TAURATE  GLYCERIN  TETRASODIUM GLUTAMATE DIACETATE  SACCHARUM OFFICINARUM (SUGARCANE) EXTRACT  CITRUS MEDICA LIMONUM (LEMON) EXTRACT  CITRUS AURANTIUM DULCIS (ORANGE) EXTRACT  PYRUS MALUS (APPLE) EXTRACT  CAMELLIA SINENSIS (TEA) LEAF EXTRACT  POLYQUATERNIUM-10  METHYLCHLOROISOTHIAZOLINONE  METHYLISOTHIAZOLINONE  CITRIC ACID  YELLOW 6  YELLOW 5,3
"Eos Super Soft Shea Lip Balm, Watermelon Frose +Fresh Mint +Lime Zest",Lip Balm,HELIANTHUS ANNUUS (SUNFLOWER) SEED OIL  BEESWAX/CERA ALBA (CIRE D'ABEILLE)  COCOS NUCIFERA (COCONUT) OIL  BUTYROSPERMUM PARKII (SHEA) BUTTER  SIMMONDSIA CHINENSIS (JOJOBA) SEED OIL  FLAVOR (AROMA)  COPERNICIA CERIFERA (CARNAUBA) WAX/CIRE DE CARNAUBA  OLEA EUROPAEA (OLIVE) FRUIT OIL  CITRULLUS LANATUS (WATERMELON) SEED EXTRACT  CITRUS AURANTIFOLIA (LIME) PEEL EXTRACT  MENTHA PIPERITA (PEPPERMINT) LEAF EXTRACT  STEVIA REBAUDIANA LEAF/STEM EXTRACT  TOCOPHEROL  GLYCINE SOJA (SOYBEAN) OIL.,3
"Degree, Advanced Protection Aluminum Sesquichlorohydrate Antiperspirant",Antiperspirant/Deodorant,Active Ingredients: ALUMINUM SESQUICHLOROHYDRATE 17.6%; Inactive Ingredients: INACTIVE INGREDIENTS BUTANE  CYCLOPENTASILOXANE  HYDROFLUOROCARBON 152A  ISOBUTANE  PPG-14 BUTYL ETHER  GLYCINE  WATER (AQUA)  DISTEARDIMONIUM HECTORITE  FRAGRANCE (PARFUM)  CALCIUM CHLORIDE  PROPANE  BHT  CAPRYLIC/CAPRIC TRIGLYCERIDE  SODIUM STARCH OCTENYLSUCCINATE  PROPYLENE CARBONATE  MALTODEXTRIN  HYDRATED SILICA  HYDROLYZED CORN STARCH OCTENYLSUCCINATE  GELATIN CROSSPOLYMER  SILICA  CELLULOSE GUM  SODIUM BENZOATE.,3
Aquaphor Immediate Relief Lip Repair Rating,Lip Balm,OCTYLDODECANOL  C18-38 ALKYL HYDROXYSTEAROYL STEARATE  RICINUS COMMUNIS (CASTOR) SEED OIL  CAPRYLIC/CAPRIC TRIGLYCERIDE  GLYCERIN  PANTHENOL  BIS-DIGLYCERYL POLYACYLADIPATE-2  WATER  POLYGLYCERYL-3 DIISOSTEARATE  BUTYROSPERMUM PARKII (SHEA) BUTTER  HYDROGENATED CASTOR OIL  TOCOPHEROL  TOCOPHERYL ACETATE  SODIUM ASCORBYL PHOSPHATE  BISABOLOL  BEESWAX  C20-40 ALKYL STEARATE  MAGNESIUM STEARATE  MAGNESIUM SULFATE.,3
"type:A Deodorant, The Visionary (2019 formulation) Rating",Antiperspirant/Deodorant,Diisopropyl Adipate  Glycerin (Organic  Vegetable Derived)  Beeswax  Dimethicone  Heptyl Undecylenate  Maranta Arundinacea (Arrowroot) Powder  Sodium Bicarbonate  Sorbitan Oleate  Zea Mays (Corn) Starch  Copernicia Cerifera (Carnauba) Wax  Triethyl Citrate  Glyceryl Stearate  Cocos Nucifera (Coconut) oil (Organic)  Tapioca Starch  Aloe Barbadensis (Aloe Vera) Leaf Extract (organic)  Caprylic/Capric Triglyceride  Citrus Nobilis (Mandarin Orange) Peel Oil  Linalool  Lavandula Angustifolia (Lavender) oil  Pelargonium Graveolens (Geranium) Flower Oil  Elettaria Cardamomum Seed Oil  Dimethyl Heptenal  Zinc Citrate  Water  Bisabolol  Titanium Dioxide  Silver Chloride,2
"type:A Deodorant, The Minimalist (2019 formulation) Rating",Antiperspirant/Deodorant,Diisopropyl Adipate  Glycerin (organic  vegetable derived)  Dimethicone  Beeswax  Heptyl Undecylenate  Sodium Bicarbonate  Maranta Arundinacea (Arrowroot) Powder  Sorbitan Oleate  Zea Mays (Corn) Starch  Copernicia Cerifera (Carnauba) Wax  Triethyl Citrate  Glyceryl Stearate  Cocos Nucifera (Coconut) oil (organic)  Zeolite  Tapioca Starch  Aloe Barbadensis (Aloe Vera) Leaf Extract  Zinc Citrate  Water  Bisabolol  Titanium Dioxide  Silver Chloride,2
"type:A Deodorant, The Dreamer (2019 formulation) Rating",Antiperspirant/Deodorant,Diisopropyl Adipate  Glycerin (organic  vegetable derived)  Beeswax  Dimethicone  Heptyl Undecylenate  Maranta Arundinacea (Arrowroot) Root Powder  Sodium Bicarbonate  Sorbitan Oleate  Zea Mays (Corn) Starch  Copernicia Cerifera (Carnauba) Wax  Triethyl Citrate  Glyceryl Stearate  Cocos Nucifera (Coconut) Oil (organic)  Tapioca Starch  Aloe Barbadensis (Aloe Vera) Leaf Extract (organic)  Caprylic/Capric Triglyceride  Jasminum Officinale (Jasmine) Oil  Cananga Odorata (Ylang Ylang) Flower Oil  Zinc Citrate  Water  Bisabolol  Titanium Dioxide  Terpineol  Eugenol  Hydroxycitronellal  Amyl Cinnamal  Silver Chloride.,2
"type:A Deodorant, The Achiever (2019 formulation) Rating",Antiperspirant/Deodorant,Diisopropyl Adipate  Glycerin (organic  vegetable derived)  Beeswax  Dimethicone  Heptyl Undecylenate  Maranta Arundinacea (Arrowroot) Root Powder  Sodium Bicarbonate  Sorbitan Oleate  Zea Mays (Corn) Starch  Copernicia Cerifera (Carnauba) Wax  Triethyl Citrate  Glyceryl Stearate  Cocos Nucifera (Coconut) Oil (organic)  Tapioca Starch  Aloe Barbadensis (Aloe Vera) Leaf Extract (organic)  Mentha Arvensis (Corn Mint) Leaf Oil  Mentha Piperita (Peppermint) Oil  Rosmarinus Officinalis (Rosemary) Leaf Oil  Juniperus Communis (Juniper Berry) Fruit Oil  Citrus Aurantium Bergamia (Bergamot) Fruit Oil  Citrus Limon (Lemon) Peel Oil  Citrus Aurantium Dulcis (Orange) Peel Oil  Vetiveria Zizanioides (Vetiver) Root Oil  Lavandula Hybrida (Lavandin) Oil  Zinc Citrate  Water  Bisabolol  Titanium Dioxide  Silver Chloride.,2
"type: A Deodorant, The Visionary (old formulation) Rating",Antiperspirant/Deodorant,Diisopropyl Adipate  Glycerin (organic  vegetable derived)  Dimethicone  Beeswax  Heptyl Undecylenate  Sodium Bicarbonate  Maranta Arundinacea (Arrowroot) Powder  Sorbitan Oleate  Zea Mays (Corn) Starch  Copernicia Cerifera (Carnauba) Wax  Triethyl Citrate  Glyceryl Stearate  Cocos Nucifera (Coconut) Oil (organic)  Zeolite  Tapioca Starch  Caprylic/Capric Triglyceride  Citrus Nobilis (Mandarin Orange) Peel Oil  Linalool  Lavandula Angustifolia (Lavender) Oil  Pelargonium Graveolens (Geranium) Flower Oil  Elettaria Cardamomum Seed Oil  Aloe Barbadensis (Aloe Vera) Leaf Extract  Dimethyl Heptenal  Zinc Citrate  Water  Bisabolol  Titanium Dioxide  Silver Chloride.,2
"type: A Deodorant, The Minimalist (old formulation) Rating",Antiperspirant/Deodorant,Diisopropyl Adipate  Glycerin (organic  vegetable derived)  Dimethicone  Beeswax  Heptyl Undecylenate  Sodium Bicarbonate  Maranta Arundinacea (Arrowroot) Powder  Sorbitan Oleate  Zea Mays (Corn) Starch  Copernicia Cerifera (Carnauba) Wax  Triethyl Citrate  Glyceryl Stearate  Cocos Nucifera (Coconut) Oil (organic)  Zeolite  Tapioca Starch  Aloe Barbadensis (Aloe Vera) Leaf Extract  Dimethyl Heptenal  Zinc Citrate  Water  Bisabolol  Titanium Dioxide  Silver Chloride.,2
"ohii Pure Stick Deodorant, Citrus Tea (2018 formulation) Rating",Antiperspirant/Deodorant,Water/Eau/Aqua  Propanediol  Sodium Stearate  Zea Mays (Corn) Starch  Fragrance (Parfum)  Ethylhexylglycerin  Aloe Barbadensis Leaf Juice  Charcoal Powder  Benzyl Salicylate  Linalool  Citral  Limonene  Citronellol  Hexyl Cinnamal  Geraniol  Benzyl Alcohol,2
"method Foaming Hand Wash, Sea Mineral (2019 formulation) Rating",Liquid Hand Soap,WATER  SODIUM LAURYL SULFATE*  COCAMIDOPROPYL BETAINE*  CITRIC ACID*  GLYCERIN*  SODIUM CHLORIDE*  SODIUM CITRATE*  ALOE BARBADENSIS EXTRACT*  TOCOPHERYL ACETATE (VITAMIN E)*  METHYLCHLOROISOTHIAZOLINONE  METHYLISOTHIAZOLINONE  FRAGRANCE (BUTYLPHENYLMETHYLPROPIONAL  HEXYL CINNAMAL  LINALOOL)  BLUE 1  EXTERNAL VIOLET 2.,2
"megababe Daily Deodorant, Sunny Pits Rating",Antiperspirant/Deodorant,PROPANEDIOL  WATER  ALOE BARBADENSIS LEAF JUICE  SODIUM STEARATE  ZEA MAYS (CORN) STARCH  GLYCERIN  FRAGRANCE  PHENOXYETHANOL  ETHYLHEXYLGLYCERIN  CITRIC ACID  POTASSIUM SORBATE  SODIUM BENZOATE  CAMELLIA SINENSIS (GREEN TEA) LEAF EXTRACT  COCOS NUCIFERA (COCONUT) OIL  SANTALUM ALBUM (SANDALWOOD) OIL  TOCOPHERYL ACETATE (VITAMIN E)  EQUISETUM ARVENSE (HORSETAIL PLANT) EXTRACT  SALVIA OFFICINALIS (SAGE) LEAF EXTRACTCITRUS GRANDIS (GRAPEFRUIT) FRUIT EXTRACT  CITRUS LIMON (LEMON) FRUIT EXTRACT.,2
hello clean + fresh roll-on deodorant Rating,Antiperspirant/Deodorant,water  glycerin  propanediol  hydroxypropyl methylcellulose  triethyl citrate  fragrance  caprylyl glycol  lactic acid,2
"hello Mouthwash Concentrate, Clean Mint Rating",Mouthwash,glycerin  water  propanediol  polysorbate 80  xylitol  erythritol  sodium benzoate  flavor  rebaudioside a  aloe barbadensis leaf extract  cocos nucifera (coconut) oil  melaleuca alternifolia (tea tree) leaf oil,2
e.l.f. Holy Hydration! Lip Mask Rating,Lip Balm,Triisostearin  Hydrogenated Polyisobutene  Polyglyceryl-10 Pentaisostearate  Dextrin Palmitate  Ethylhexylglycerin  Diethylhexyl Syringylidenemalonate  Squalane  Fragrance (Parfum)  Simethicone  Caprylic/Capric Triglyceride  Tocopherol  Water (Aqua)  Ricinus Communis (Castor) Seed Oil  Glycerin  Sodium Hyaluronate  Hydrogenated Castor Oil  1.2-Hexanediol  Soluble Collagen  Linalool  Geraniol  Benzyl Benzoate  Limonene May Contain: Titanium Dioxide (CI 77891)  Blue 1 Lake (CI 42090)  Red 27 Lake (CI 45410),2
"e.l.f. Cosmetics Squeeze Me Lip Balm, Vanilla Frosting Rating",Lip Balm,Triisostearin  Hydrogenated Polyisobutene  Polyglyceryl-10 Pentaisostearate  Dextrin Palmitate  Ethylhexylglycerin  Diethylhexyl Syringylidenemalonate  Fragrance (Parfum)  Squalane  Simethicone  Caprylic/Capric Triglyceride  Butyrospermum Parkii (Shea Butter)  Water (Aqua)  Ricinus Communis (Castor) Seed Oil  Butylene Glycol  Glycerin  Tocopherol  Sodium Hyaluronate  Maltodextrin  Hydrogenated Castor Oil  Lycium Chinense Fruit Extract  1 2- Hexanediol  Calcium Pantothenate  Xanthan Gum  Urea  Caprylyl Glycol  Magnesium Lactate  Papain  Soluble Collagen  Potassium Lactate  Proline  Alanine  Serine  Magnesium Chloride  Sodium Citrate  Benzyl Benzoate  Cinnamyl Alcohol. May Contain: Titanium Dioxide (CI 77891)  Yellow Iron Oxide (CI 77492),2
"e.l.f. Cosmetics Squeeze Me Lip Balm, Honeydew Rating",Lip Balm,Triisostearin  Hydrogenated Polyisobutene  Polyglyceryl-10 Pentaisostearate  Dextrin Palmitate  Ethylhexylglycerin  Diethylhexyl Syringylidenemalonate  Fragrance (Parfum)  Squalane  Simethicone  Caprylic/Capric Triglyceride  Butyrospermum Parkii (Shea Butter)  Water (Aqua)  Ricinus Communis (Castor) Seed Oil  Butylene Glycol  Glycerin  Tocopherol  Sodium Hyaluronate  Maltodextrin  Hydrogenated Castor Oil  Lycium Chinense Fruit Extract  1 2- Hexanediol  Calcium Pantothenate  Xanthan Gum  Urea  Caprylyl Glycol  Magnesium Lactate  Papain  Soluble Collagen  Potassium Lactate  Proline  Alanine  Serine  Magnesium Chloride  Sodium Citrate  Benzyl Benzoate  Cinnamyl Alcohol. May Contain: Titanium Dioxide (CI 77891)  Yellow Iron Oxide (CI 77492),2
"e.l.f. Cosmetics Squeeze Me Lip Balm, Grape Rating",Lip Balm,Triisostearin  Hydrogenated Polyisobutene  Polyglyceryl-10 Pentaisostearate  Dextrin Palmitate  Ethylhexylglycerin  Diethylhexyl Syringylidenemalonate  Fragrance (Parfum)  Squalane  Simethicone  Caprylic/Capric Triglyceride  Butyrospermum Parkii (Shea Butter)  Water (Aqua)  Ricinus Communis (Castor) Seed Oil  Butylene Glycol  Glycerin  Tocopherol  Sodium Hyaluronate  Maltodextrin  Hydrogenated Castor Oil  Lycium Chinense Fruit Extract  1 2- Hexanediol  Calcium Pantothenate  Xanthan Gum  Urea  Caprylyl Glycol  Magnesium Lactate  Papain  Soluble Collagen  Potassium Lactate  Proline  Alanine  Serine  Magnesium Chloride  Sodium Citrate  Benzyl Benzoate  Cinnamyl Alcohol. May Contain: Titanium Dioxide (CI 77891)  Yellow Iron Oxide (CI 77492),2
derma e Skin Lighten Creme Rating,Facial Moisturizer/Treatment,PURIFIED WATER  CAPRYLIC/CAPRIC TRIGLYCERIDE  GLYCERIN  CETYL ALCOHOL  GLYCERYL STEARATE CITRATE  STEARIC ACID  COCO-CAPRYLATE  GLYCYRRHIZA URALENSIS (LICORICE) ROOT EXTRACT  POLYSORBATE 60  GLYCERYL STEARATE  ALPHA-ARBUTIN  ASCORBYL PALMITATE (VITAMIN C)  DIMETHICONE  TITANIUM DIOXIDE  SIMMONDSIA CHINENSIS (JOJOBA) SEED OIL*  ALCOHOL  SILYBUM MARIANUM EXTRACT  PANAX GINSENG ROOT EXTRACT  XANTHAN GUM  CETEARYL GLUCOSIDE  TOCOPHERYL ACETATE  JOJOBA ESTERS  ALUMINA  SILICA  POTASSIUM SORBATE  PHENOXYETHANOL  ETHYLHEXYLGLYCERIN.,2
"artNaturals Hand santizer, tea tree Rating",Hand Sanitizer,ACTIVE INGREDIENT: Ethyl Alcohol  INACTIVE INGREDIENTS: Water Aloe Barbadensis Leaf Juice Glycerin Propylene Glycol Carbomer Propanediol Aminomethyl Propanol Helianthus Annuus (Sunflower) Seed Oil Vaccinium Macrocarpon (Cranberry) Fruit Extract Punica Granatum Extract Vaccinium Angustifolium (Blueberry) Extract Fragaria Vesca (Strawberry) Fruit Extract Actinidia Chinensis (Kiwi) Extract Citrullus Vulgaris (Watermelon) Fruit Extract Vitis Vinifera (Grape) Seed Extract Rubus Idaeus Seed Extract Myrciaria dubia (Camu Camu) Fruit Extract Euterpe Oleracea Fruit Extract Lycium Barbarum (Goji) Extract Hippophae Rhamnoides (Sea Buckthorn) Fruit Extract Cannabis Sativa (Hemp) Seed Extract Brassica Oleracea Italica (Broccoli) Extract Tocopheryl Acetate (Vitamin E Acetate) Simmondsia Chinensis (Jojoba) Oil,2
"artNaturals Hand santizer, scent free Rating",Hand Sanitizer,ACTIVE INGREDIENT: Ethyl Alcohol  INACTIVE INGREDIENTS: Water Aloe Barbadensis Leaf Juice Glycerin Propylene Glycol Carbomer Propanediol Aminomethyl Propanol Helianthus Annuus (Sunflower) Seed Oil Vaccinium Macrocarpon (Cranberry) Fruit Extract Punica Granatum Extract Vaccinium Angustifolium (Blueberry) Extract Fragaria Vesca (Strawberry) Fruit Extract Actinidia Chinensis (Kiwi) Extract Citrullus Vulgaris (Watermelon) Fruit Extract Vitis Vinifera (Grape) Seed Extract Rubus Idaeus Seed Extract Myrciaria dubia (Camu Camu) Fruit Extract Euterpe Oleracea Fruit Extract Lycium Barbarum (Goji) Extract Hippophae Rhamnoides (Sea Buckthorn) Fruit Extract Cannabis Sativa (Hemp) Seed Extract Brassica Oleracea Italica (Broccoli) Extract Tocopheryl Acetate (Vitamin E Acetate) Simmondsia Chinensis (Jojoba) Oil,2
"artNaturals Hand santizer, Lavender Rating",Hand Sanitizer,ACTIVE INGREDIENT: Ethyl Alcohol  INACTIVE INGREDIENTS: Water Aloe Barbadensis Leaf Juice Glycerin Propylene Glycol Carbomer Propanediol Aminomethyl Propanol Helianthus Annuus (Sunflower) Seed Oil Vaccinium Macrocarpon (Cranberry) Fruit Extract Punica Granatum Extract Vaccinium Angustifolium (Blueberry) Extract Fragaria Vesca (Strawberry) Fruit Extract Actinidia Chinensis (Kiwi) Extract Citrullus Vulgaris (Watermelon) Fruit Extract Vitis Vinifera (Grape) Seed Extract Rubus Idaeus Seed Extract Myrciaria dubia (Camu Camu) Fruit Extract Euterpe Oleracea Fruit Extract Lycium Barbarum (Goji) Extract Hippophae Rhamnoides (Sea Buckthorn) Fruit Extract Cannabis Sativa (Hemp) Seed Extract Brassica Oleracea Italica (Broccoli) Extract Tocopheryl Acetate (Vitamin E Acetate) Simmondsia Chinensis (Jojoba) Oil,2
"artNaturals Hand santizer, Coconut Rating",Hand Sanitizer,ACTIVE INGREDIENT: Ethyl Alcohol  INACTIVE INGREDIENTS: Water Aloe Barbadensis Leaf Juice Glycerin Propylene Glycol Carbomer Propanediol Aminomethyl Propanol Helianthus Annuus (Sunflower) Seed Oil Vaccinium Macrocarpon (Cranberry) Fruit Extract Punica Granatum Extract Vaccinium Angustifolium (Blueberry) Extract Fragaria Vesca (Strawberry) Fruit Extract Actinidia Chinensis (Kiwi) Extract Citrullus Vulgaris (Watermelon) Fruit Extract Vitis Vinifera (Grape) Seed Extract Rubus Idaeus Seed Extract Myrciaria dubia (Camu Camu) Fruit Extract Euterpe Oleracea Fruit Extract Lycium Barbarum (Goji) Extract Hippophae Rhamnoides (Sea Buckthorn) Fruit Extract Cannabis Sativa (Hemp) Seed Extract Brassica Oleracea Italica (Broccoli) Extract Tocopheryl Acetate (Vitamin E Acetate) Simmondsia Chinensis (Jojoba) Oil,2
"Zum Liquid Hand Soap, Lemongrass Rating",Liquid Hand Soap,WATER  OLEA EUROPAEA (OLIVE) FRUIT OIL  COCOS NUCIFERA (COCONUT) OIL  POTASSIUM HYDROXIDE*  FRAGRANCE (ESSENTIAL OILS)  RICINUS COMMUNIS (CASTOR) SEED OIL  SODIUM CHLORIDE (SALT) *NONE REMAINS AFTER OILS ARE SAPONIFIED INTO SOAP AND GLYCERIN.,2
"Zion Health ClayBrite Natural Toothpaste, Natural Mint Rating",Toothpaste,Sorbitol  Glycerin  Sodium Bicarbonate  Calcium Montmorillonite Clay  Hydrated Silica  Kaolin  Carboxymethyl Cellulose  Sodium Cocoyl Glutamate  Sodium Lauryl Sarcosinate  Stevia Extract  Purified Water  Grapefruit Seed Extract  Aloe Vera (Aloe Barbadensis) Leaf Juice  Menthol  Spearmint Oil  Sodium Ascorbate (Vitamin C)  Calcium Ascorbate  Boron Citrate  Zinc Citrate,2
Zimba Minty Teeth Whitening Strips Rating,Tooth Whitening,PVP K30  GLYCERIN  HYDROXYPROPYL CELLULOSE  PVP K90  WATER  ALCOHOL  HYDROGEN PEROXIDE  MENTHOL,2
"Zest, Hand Sanitizer, Grapefruit Peel & Guarana Rating",Hand Sanitizer,WATER/AQUA/EAU  PEG-8  PROPYLENE GLYCOL  FRAGRANCE/PARFUM  ACRYLATES/C10-30 ALKYL ACRYLATE CROSSPOLYMER  AMINOMETHYL PROPANOL  TOCOPHERYL ACETATE  GLYCERIN  AGASTACHE MEXICANA FLOWER/LEAF/STEM EXTRACT  CITRUS GRANDIS (GRAPEFRUIT) PEEL EXTRACT  COFFEA ARABICA (COFFEE) SEED EXTRACT  COFFEA ROBUSTA SEED EXTRACT  MALPIGHIA GLABRA (ACEROLA) FRUIT EXTRACT  PAULLINIA CUPANA SEED EXTRACT  GLYCOLIC ACID  CITRIC ACID  MALIC ACID  RED 33 (CI 17200),2
"Zest Hand Sanitizer, Lemon Peel & Agave Rating",Hand Sanitizer,WATER/AQUA/EAU  PEG-8  PROPYLENE GLYCOL  FRAGRANCE/PARFUM  ACRYLATES/C10-30 ALKYI ACRYLATE CROSSPOLYMER  AMINOMETHYL PROPANOL  TOCOPHERYL ACETATE  GLYCERIN  AGASTACHE MEXICANA FLOWER/LEAF/STEM EXTRACT  AGAVE TEQUILANA LEAF EXTRACT  CITRUS LIMON (LEMON) PEEL EXTRACT  COFFEA ARABICA (COFFEE) SEED EXTRACT  COFFEA ROBUSTA SEED EXTRACT  MALPIGHIA GLABRA (ACEROLA) FRUIT EXTRACT  GLYCOLIC ACID  CITRIC ACID  MALIC ACID  YELLOW 5 (CI 19140)  YELLOW 6 (CI 15985),2
"Zest Antibacterial Liquid Hand Soap, Fresh Aqua (2020 formulation) Rating",Liquid Hand Soap,Active Ingredients: BENZALKONIUM CHLORIDE 0.13%; Inactive Ingredients: WATER  CETRIMONIUM CHLORIDE  GLYCERIN  COCAMIDE MEA  LAURAMIDOPROPYLAMINE OXIDE  SODIUM CHLORIDE  PEG-120 METHYL GLUCOSE DIOLEATE  MYRISTAMIDOPROPYLAMINE OXIDE  CITRIC ACID  FRAGRANCE  TETRASODIUM EDTA  ALOE BARBADENSIS LEAF JUICE  TOCOPHERYL ACETATE  METHYLCHLOROISOTHIAZOLINONE  GREEN 3  METHYLISOTHIAZOLINONE.,2
Zep Alcohol Sanitizer Spray Rating,Hand Sanitizer,Active Ingredients: ETHANOL 66.0%; Inactive Ingredients: DEIONIZED WATER; GLYCERINE,2
"Zaal Hand Sanitizer, Aloe Vera (2020 formulation) Rating",Hand Sanitizer,ETHYL ALCOHOL (62%)  WATER  ALOE BARBADENSIS LEAF JUICE  TRIETHANOLAMINE  CARBOMER  FRAGRANCE  GLYCERIN  GLYCERETH-7 COCOATE  PROPYLENE GLYCOL  TOCOPHERYL ACETATE (VITAMIN E ACETATE)  FD&C YELLOW 5  FD&C BLUE 1.,2
"Yves Saint Laurent Volupte Liquid Color Balm, 9 Strip Me Fuchsia (2019",Lip Balm,Water  Prunus Armeniaca Kernel Oil/Apricot Kernel Oil  Bis-Diglyceryl Polyacyladipate-2  Phenyl Trimethicone  Polyglyceryl-3 Beeswax  Butyrospermum Parkii Butter/Shea Butter  Cyclohexasiloxane  Petrolatum  Cetyl PEG/PPG-10/1 Dimethicone  Macadamia Ternifolia Seed Oil  Glycerin  Hydrogenated Polyisobutene  Pentylene Glycol  Polyglyceryl-4 Isostearate  Ethylcellulose  Dimethicone  Propylene Glycol  Magnesium Sulfate  Disteardimonium Hectorite  Pentaerythrityl Tetra-Di-T-Butyl Hydroxyhydrocinnamate  Phenoxyethanol  Tocopheryl Acetate  Alumina  PEG/PPG-18/18 Dimethicone  Talc  Propylene Carbonate  Calcium Aluminum Borosilicate  Synthetic Fluorphlogopite  Cetyl Alcohol  Caprylyl Glycol  Disodium EDTA  Caprylic/Capric Triglyceride  Cocos Nucifera Fruit Juice/Coconut Fruit Juice  Sodium Lauryl Sulfate  Thylhexyl Hydroxystearate  Calcium Sodium Borosilicate  Sodium Hyaluronate  Sodium Saccharin  Passiflora Edulis Seed Oil  Disodium Stearoyl Glutamate  Magnesium Silicate  Coriandrum Sativum Fruit Oil/Coriander Fruit Oil  Simmondsia Chinensis Oil/ Jojoba Seed Oil  Triethoxysilylethyl Polydimethylsiloxyethyl Dimethicone  Isopropyl Titanium Triisostearate  Silica  Aluminum Hydroxide  Tin Oxide  Citric Acid  Punica Granatum Extract  Tocopherol  Sodium Benzoate  Potassium Sorbate  Fragrance  May Contain:Iron Oxides (Ci 77491  Ci 77492  Ci 77499)  Red 7 (Ci 15850)  Titanium Dioxide (Ci 77891)  Red 28 Lake (Ci 45410)  Red 22 Lake (Ci 45380)  Ultramarines (Ci 77007)  Bismuth Oxychloride (Ci 77163)  Yellow 6 Lake (Ci 15985)  Manganese Violet (Ci 77742)  Mica  Yellow 5 Lake (Ci 19140)  Barium Sulfate (Ci 77120)  Blue 1 Lake (Ci 42090)  Carmine (Ci 75470),2
"Yves Saint Laurent Volupte Liquid Color Balm, 8 Excite Me Pink (2019",Lip Balm,Water  Prunus Armeniaca Kernel Oil/Apricot Kernel Oil  Bis-Diglyceryl Polyacyladipate-2  Phenyl Trimethicone  Polyglyceryl-3 Beeswax  Butyrospermum Parkii Butter/Shea Butter  Cyclohexasiloxane  Petrolatum  Cetyl PEG/PPG-10/1 Dimethicone  Macadamia Ternifolia Seed Oil  Glycerin  Hydrogenated Polyisobutene  Pentylene Glycol  Polyglyceryl-4 Isostearate  Ethylcellulose  Dimethicone  Propylene Glycol  Magnesium Sulfate  Disteardimonium Hectorite  Pentaerythrityl Tetra-Di-T-Butyl Hydroxyhydrocinnamate  Phenoxyethanol  Tocopheryl Acetate  Alumina  PEG/PPG-18/18 Dimethicone  Talc  Propylene Carbonate  Calcium Aluminum Borosilicate  Synthetic Fluorphlogopite  Cetyl Alcohol  Caprylyl Glycol  Disodium EDTA  Caprylic/Capric Triglyceride  Cocos Nucifera Fruit Juice/Coconut Fruit Juice  Sodium Lauryl Sulfate  Thylhexyl Hydroxystearate  Calcium Sodium Borosilicate  Sodium Hyaluronate  Sodium Saccharin  Passiflora Edulis Seed Oil  Disodium Stearoyl Glutamate  Magnesium Silicate  Coriandrum Sativum Fruit Oil/Coriander Fruit Oil  Simmondsia Chinensis Oil/ Jojoba Seed Oil  Triethoxysilylethyl Polydimethylsiloxyethyl Dimethicone  Isopropyl Titanium Triisostearate  Silica  Aluminum Hydroxide  Tin Oxide  Citric Acid  Punica Granatum Extract  Tocopherol  Sodium Benzoate  Potassium Sorbate  Fragrance  May Contain:Iron Oxides (Ci 77491  Ci 77492  Ci 77499)  Red 7 (Ci 15850)  Titanium Dioxide (Ci 77891)  Red 28 Lake (Ci 45410)  Red 22 Lake (Ci 45380)  Ultramarines (Ci 77007)  Bismuth Oxychloride (Ci 77163)  Yellow 6 Lake (Ci 15985)  Manganese Violet (Ci 77742)  Mica  Yellow 5 Lake (Ci 19140)  Barium Sulfate (Ci 77120)  Blue 1 Lake (Ci 42090)  Carmine (Ci 75470),2
"Yves Saint Laurent Volupte Liquid Color Balm, 7 Grab Me Red (2019",Lip Balm,Water  Prunus Armeniaca Kernel Oil/Apricot Kernel Oil  Bis-Diglyceryl Polyacyladipate-2  Phenyl Trimethicone  Polyglyceryl-3 Beeswax  Butyrospermum Parkii Butter/Shea Butter  Cyclohexasiloxane  Petrolatum  Cetyl PEG/PPG-10/1 Dimethicone  Macadamia Ternifolia Seed Oil  Glycerin  Hydrogenated Polyisobutene  Pentylene Glycol  Polyglyceryl-4 Isostearate  Ethylcellulose  Dimethicone  Propylene Glycol  Magnesium Sulfate  Disteardimonium Hectorite  Pentaerythrityl Tetra-Di-T-Butyl Hydroxyhydrocinnamate  Phenoxyethanol  Tocopheryl Acetate  Alumina  PEG/PPG-18/18 Dimethicone  Talc  Propylene Carbonate  Calcium Aluminum Borosilicate  Synthetic Fluorphlogopite  Cetyl Alcohol  Caprylyl Glycol  Disodium EDTA  Caprylic/Capric Triglyceride  Cocos Nucifera Fruit Juice/Coconut Fruit Juice  Sodium Lauryl Sulfate  Thylhexyl Hydroxystearate  Calcium Sodium Borosilicate  Sodium Hyaluronate  Sodium Saccharin  Passiflora Edulis Seed Oil  Disodium Stearoyl Glutamate  Magnesium Silicate  Coriandrum Sativum Fruit Oil/Coriander Fruit Oil  Simmondsia Chinensis Oil/ Jojoba Seed Oil  Triethoxysilylethyl Polydimethylsiloxyethyl Dimethicone  Isopropyl Titanium Triisostearate  Silica  Aluminum Hydroxide  Tin Oxide  Citric Acid  Punica Granatum Extract  Tocopherol  Sodium Benzoate  Potassium Sorbate  Fragrance  May Contain:Iron Oxides (Ci 77491  Ci 77492  Ci 77499)  Red 7 (Ci 15850)  Titanium Dioxide (Ci 77891)  Red 28 Lake (Ci 45410)  Red 22 Lake (Ci 45380)  Ultramarines (Ci 77007)  Bismuth Oxychloride (Ci 77163)  Yellow 6 Lake (Ci 15985)  Manganese Violet (Ci 77742)  Mica  Yellow 5 Lake (Ci 19140)  Barium Sulfate (Ci 77120)  Blue 1 Lake (Ci 42090)  Carmine (Ci 75470),2
"Yves Saint Laurent Volupte Liquid Color Balm, 6 Undress Me Coral (2019",Lip Balm,Water  Prunus Armeniaca Kernel Oil/Apricot Kernel Oil  Bis-Diglyceryl Polyacyladipate-2  Phenyl Trimethicone  Polyglyceryl-3 Beeswax  Butyrospermum Parkii Butter/Shea Butter  Cyclohexasiloxane  Petrolatum  Cetyl PEG/PPG-10/1 Dimethicone  Macadamia Ternifolia Seed Oil  Glycerin  Hydrogenated Polyisobutene  Pentylene Glycol  Polyglyceryl-4 Isostearate  Ethylcellulose  Dimethicone  Propylene Glycol  Magnesium Sulfate  Disteardimonium Hectorite  Pentaerythrityl Tetra-Di-T-Butyl Hydroxyhydrocinnamate  Phenoxyethanol  Tocopheryl Acetate  Alumina  PEG/PPG-18/18 Dimethicone  Talc  Propylene Carbonate  Calcium Aluminum Borosilicate  Synthetic Fluorphlogopite  Cetyl Alcohol  Caprylyl Glycol  Disodium EDTA  Caprylic/Capric Triglyceride  Cocos Nucifera Fruit Juice/Coconut Fruit Juice  Sodium Lauryl Sulfate  Thylhexyl Hydroxystearate  Calcium Sodium Borosilicate  Sodium Hyaluronate  Sodium Saccharin  Passiflora Edulis Seed Oil  Disodium Stearoyl Glutamate  Magnesium Silicate  Coriandrum Sativum Fruit Oil/Coriander Fruit Oil  Simmondsia Chinensis Oil/ Jojoba Seed Oil  Triethoxysilylethyl Polydimethylsiloxyethyl Dimethicone  Isopropyl Titanium Triisostearate  Silica  Aluminum Hydroxide  Tin Oxide  Citric Acid  Punica Granatum Extract  Tocopherol  Sodium Benzoate  Potassium Sorbate  Fragrance  May Contain:Iron Oxides (Ci 77491  Ci 77492  Ci 77499)  Red 7 (Ci 15850)  Titanium Dioxide (Ci 77891)  Red 28 Lake (Ci 45410)  Red 22 Lake (Ci 45380)  Ultramarines (Ci 77007)  Bismuth Oxychloride (Ci 77163)  Yellow 6 Lake (Ci 15985)  Manganese Violet (Ci 77742)  Mica  Yellow 5 Lake (Ci 19140)  Barium Sulfate (Ci 77120)  Blue 1 Lake (Ci 42090)  Carmine (Ci 75470),2
"Yves Saint Laurent Volupte Liquid Color Balm, 5 Watch Me Orange (2019",Lip Balm,Water  Prunus Armeniaca Kernel Oil/Apricot Kernel Oil  Bis-Diglyceryl Polyacyladipate-2  Phenyl Trimethicone  Polyglyceryl-3 Beeswax  Butyrospermum Parkii Butter/Shea Butter  Cyclohexasiloxane  Petrolatum  Cetyl PEG/PPG-10/1 Dimethicone  Macadamia Ternifolia Seed Oil  Glycerin  Hydrogenated Polyisobutene  Pentylene Glycol  Polyglyceryl-4 Isostearate  Ethylcellulose  Dimethicone  Propylene Glycol  Magnesium Sulfate  Disteardimonium Hectorite  Pentaerythrityl Tetra-Di-T-Butyl Hydroxyhydrocinnamate  Phenoxyethanol  Tocopheryl Acetate  Alumina  PEG/PPG-18/18 Dimethicone  Talc  Propylene Carbonate  Calcium Aluminum Borosilicate  Synthetic Fluorphlogopite  Cetyl Alcohol  Caprylyl Glycol  Disodium EDTA  Caprylic/Capric Triglyceride  Cocos Nucifera Fruit Juice/Coconut Fruit Juice  Sodium Lauryl Sulfate  Thylhexyl Hydroxystearate  Calcium Sodium Borosilicate  Sodium Hyaluronate  Sodium Saccharin  Passiflora Edulis Seed Oil  Disodium Stearoyl Glutamate  Magnesium Silicate  Coriandrum Sativum Fruit Oil/Coriander Fruit Oil  Simmondsia Chinensis Oil/ Jojoba Seed Oil  Triethoxysilylethyl Polydimethylsiloxyethyl Dimethicone  Isopropyl Titanium Triisostearate  Silica  Aluminum Hydroxide  Tin Oxide  Citric Acid  Punica Granatum Extract  Tocopherol  Sodium Benzoate  Potassium Sorbate  Fragrance  May Contain:Iron Oxides (Ci 77491  Ci 77492  Ci 77499)  Red 7 (Ci 15850)  Titanium Dioxide (Ci 77891)  Red 28 Lake (Ci 45410)  Red 22 Lake (Ci 45380)  Ultramarines (Ci 77007)  Bismuth Oxychloride (Ci 77163)  Yellow 6 Lake (Ci 15985)  Manganese Violet (Ci 77742)  Mica  Yellow 5 Lake (Ci 19140)  Barium Sulfate (Ci 77120)  Blue 1 Lake (Ci 42090)  Carmine (Ci 75470),2
"Yves Saint Laurent Volupte Liquid Color Balm, 4 Spy On Me Nude (2019",Lip Balm,Water  Prunus Armeniaca Kernel Oil/Apricot Kernel Oil  Bis-Diglyceryl Polyacyladipate-2  Phenyl Trimethicone  Polyglyceryl-3 Beeswax  Butyrospermum Parkii Butter/Shea Butter  Cyclohexasiloxane  Petrolatum  Cetyl PEG/PPG-10/1 Dimethicone  Macadamia Ternifolia Seed Oil  Glycerin  Hydrogenated Polyisobutene  Pentylene Glycol  Polyglyceryl-4 Isostearate  Ethylcellulose  Dimethicone  Propylene Glycol  Magnesium Sulfate  Disteardimonium Hectorite  Pentaerythrityl Tetra-Di-T-Butyl Hydroxyhydrocinnamate  Phenoxyethanol  Tocopheryl Acetate  Alumina  PEG/PPG-18/18 Dimethicone  Talc  Propylene Carbonate  Calcium Aluminum Borosilicate  Synthetic Fluorphlogopite  Cetyl Alcohol  Caprylyl Glycol  Disodium EDTA  Caprylic/Capric Triglyceride  Cocos Nucifera Fruit Juice/Coconut Fruit Juice  Sodium Lauryl Sulfate  Thylhexyl Hydroxystearate  Calcium Sodium Borosilicate  Sodium Hyaluronate  Sodium Saccharin  Passiflora Edulis Seed Oil  Disodium Stearoyl Glutamate  Magnesium Silicate  Coriandrum Sativum Fruit Oil/Coriander Fruit Oil  Simmondsia Chinensis Oil/ Jojoba Seed Oil  Triethoxysilylethyl Polydimethylsiloxyethyl Dimethicone  Isopropyl Titanium Triisostearate  Silica  Aluminum Hydroxide  Tin Oxide  Citric Acid  Punica Granatum Extract  Tocopherol  Sodium Benzoate  Potassium Sorbate  Fragrance  May Contain:Iron Oxides (Ci 77491  Ci 77492  Ci 77499)  Red 7 (Ci 15850)  Titanium Dioxide (Ci 77891)  Red 28 Lake (Ci 45410)  Red 22 Lake (Ci 45380)  Ultramarines (Ci 77007)  Bismuth Oxychloride (Ci 77163)  Yellow 6 Lake (Ci 15985)  Manganese Violet (Ci 77742)  Mica  Yellow 5 Lake (Ci 19140)  Barium Sulfate (Ci 77120)  Blue 1 Lake (Ci 42090)  Carmine (Ci 75470),2
"Yves Saint Laurent Volupte Liquid Color Balm, 3 Show Me Peach (2019",Lip Balm,Water  Prunus Armeniaca Kernel Oil/Apricot Kernel Oil  Bis-Diglyceryl Polyacyladipate-2  Phenyl Trimethicone  Polyglyceryl-3 Beeswax  Butyrospermum Parkii Butter/Shea Butter  Cyclohexasiloxane  Petrolatum  Cetyl PEG/PPG-10/1 Dimethicone  Macadamia Ternifolia Seed Oil  Glycerin  Hydrogenated Polyisobutene  Pentylene Glycol  Polyglyceryl-4 Isostearate  Ethylcellulose  Dimethicone  Propylene Glycol  Magnesium Sulfate  Disteardimonium Hectorite  Pentaerythrityl Tetra-Di-T-Butyl Hydroxyhydrocinnamate  Phenoxyethanol  Tocopheryl Acetate  Alumina  PEG/PPG-18/18 Dimethicone  Talc  Propylene Carbonate  Calcium Aluminum Borosilicate  Synthetic Fluorphlogopite  Cetyl Alcohol  Caprylyl Glycol  Disodium EDTA  Caprylic/Capric Triglyceride  Cocos Nucifera Fruit Juice/Coconut Fruit Juice  Sodium Lauryl Sulfate  Thylhexyl Hydroxystearate  Calcium Sodium Borosilicate  Sodium Hyaluronate  Sodium Saccharin  Passiflora Edulis Seed Oil  Disodium Stearoyl Glutamate  Magnesium Silicate  Coriandrum Sativum Fruit Oil/Coriander Fruit Oil  Simmondsia Chinensis Oil/ Jojoba Seed Oil  Triethoxysilylethyl Polydimethylsiloxyethyl Dimethicone  Isopropyl Titanium Triisostearate  Silica  Aluminum Hydroxide  Tin Oxide  Citric Acid  Punica Granatum Extract  Tocopherol  Sodium Benzoate  Potassium Sorbate  Fragrance  May Contain:Iron Oxides (Ci 77491  Ci 77492  Ci 77499)  Red 7 (Ci 15850)  Titanium Dioxide (Ci 77891)  Red 28 Lake (Ci 45410)  Red 22 Lake (Ci 45380)  Ultramarines (Ci 77007)  Bismuth Oxychloride (Ci 77163)  Yellow 6 Lake (Ci 15985)  Manganese Violet (Ci 77742)  Mica  Yellow 5 Lake (Ci 19140)  Barium Sulfate (Ci 77120)  Blue 1 Lake (Ci 42090)  Carmine (Ci 75470),2
"Yves Saint Laurent Volupte Liquid Color Balm, 2 Expose Me Rose (2019",Lip Balm,Water  Prunus Armeniaca Kernel Oil/Apricot Kernel Oil  Bis-Diglyceryl Polyacyladipate-2  Phenyl Trimethicone  Polyglyceryl-3 Beeswax  Butyrospermum Parkii Butter/Shea Butter  Cyclohexasiloxane  Petrolatum  Cetyl PEG/PPG-10/1 Dimethicone  Macadamia Ternifolia Seed Oil  Glycerin  Hydrogenated Polyisobutene  Pentylene Glycol  Polyglyceryl-4 Isostearate  Ethylcellulose  Dimethicone  Propylene Glycol  Magnesium Sulfate  Disteardimonium Hectorite  Pentaerythrityl Tetra-Di-T-Butyl Hydroxyhydrocinnamate  Phenoxyethanol  Tocopheryl Acetate  Alumina  PEG/PPG-18/18 Dimethicone  Talc  Propylene Carbonate  Calcium Aluminum Borosilicate  Synthetic Fluorphlogopite  Cetyl Alcohol  Caprylyl Glycol  Disodium EDTA  Caprylic/Capric Triglyceride  Cocos Nucifera Fruit Juice/Coconut Fruit Juice  Sodium Lauryl Sulfate  Thylhexyl Hydroxystearate  Calcium Sodium Borosilicate  Sodium Hyaluronate  Sodium Saccharin  Passiflora Edulis Seed Oil  Disodium Stearoyl Glutamate  Magnesium Silicate  Coriandrum Sativum Fruit Oil/Coriander Fruit Oil  Simmondsia Chinensis Oil/ Jojoba Seed Oil  Triethoxysilylethyl Polydimethylsiloxyethyl Dimethicone  Isopropyl Titanium Triisostearate  Silica  Aluminum Hydroxide  Tin Oxide  Citric Acid  Punica Granatum Extract  Tocopherol  Sodium Benzoate  Potassium Sorbate  Fragrance  May Contain:Iron Oxides (Ci 77491  Ci 77492  Ci 77499)  Red 7 (Ci 15850)  Titanium Dioxide (Ci 77891)  Red 28 Lake (Ci 45410)  Red 22 Lake (Ci 45380)  Ultramarines (Ci 77007)  Bismuth Oxychloride (Ci 77163)  Yellow 6 Lake (Ci 15985)  Manganese Violet (Ci 77742)  Mica  Yellow 5 Lake (Ci 19140)  Barium Sulfate (Ci 77120)  Blue 1 Lake (Ci 42090)  Carmine (Ci 75470),2
"Yves Saint Laurent Volupte Liquid Color Balm, 12 Chase Me Nude (2019",Lip Balm,Water  Prunus Armeniaca Kernel Oil/Apricot Kernel Oil  Bis-Diglyceryl Polyacyladipate-2  Phenyl Trimethicone  Polyglyceryl-3 Beeswax  Butyrospermum Parkii Butter/Shea Butter  Cyclohexasiloxane  Petrolatum  Cetyl PEG/PPG-10/1 Dimethicone  Macadamia Ternifolia Seed Oil  Glycerin  Hydrogenated Polyisobutene  Pentylene Glycol  Polyglyceryl-4 Isostearate  Ethylcellulose  Dimethicone  Propylene Glycol  Magnesium Sulfate  Disteardimonium Hectorite  Pentaerythrityl Tetra-Di-T-Butyl Hydroxyhydrocinnamate  Phenoxyethanol  Tocopheryl Acetate  Alumina  PEG/PPG-18/18 Dimethicone  Talc  Propylene Carbonate  Calcium Aluminum Borosilicate  Synthetic Fluorphlogopite  Cetyl Alcohol  Caprylyl Glycol  Disodium EDTA  Caprylic/Capric Triglyceride  Cocos Nucifera Fruit Juice/Coconut Fruit Juice  Sodium Lauryl Sulfate  Thylhexyl Hydroxystearate  Calcium Sodium Borosilicate  Sodium Hyaluronate  Sodium Saccharin  Passiflora Edulis Seed Oil  Disodium Stearoyl Glutamate  Magnesium Silicate  Coriandrum Sativum Fruit Oil/Coriander Fruit Oil  Simmondsia Chinensis Oil/ Jojoba Seed Oil  Triethoxysilylethyl Polydimethylsiloxyethyl Dimethicone  Isopropyl Titanium Triisostearate  Silica  Aluminum Hydroxide  Tin Oxide  Citric Acid  Punica Granatum Extract  Tocopherol  Sodium Benzoate  Potassium Sorbate  Fragrance  May Contain:Iron Oxides (Ci 77491  Ci 77492  Ci 77499)  Red 7 (Ci 15850)  Titanium Dioxide (Ci 77891)  Red 28 Lake (Ci 45410)  Red 22 Lake (Ci 45380)  Ultramarines (Ci 77007)  Bismuth Oxychloride (Ci 77163)  Yellow 6 Lake (Ci 15985)  Manganese Violet (Ci 77742)  Mica  Yellow 5 Lake (Ci 19140)  Barium Sulfate (Ci 77120)  Blue 1 Lake (Ci 42090)  Carmine (Ci 75470),2
"Yves Saint Laurent Volupte Liquid Color Balm, 11 Hook Me Berry (2019",Lip Balm,Water  Prunus Armeniaca Kernel Oil/Apricot Kernel Oil  Bis-Diglyceryl Polyacyladipate-2  Phenyl Trimethicone  Polyglyceryl-3 Beeswax  Butyrospermum Parkii Butter/Shea Butter  Cyclohexasiloxane  Petrolatum  Cetyl PEG/PPG-10/1 Dimethicone  Macadamia Ternifolia Seed Oil  Glycerin  Hydrogenated Polyisobutene  Pentylene Glycol  Polyglyceryl-4 Isostearate  Ethylcellulose  Dimethicone  Propylene Glycol  Magnesium Sulfate  Disteardimonium Hectorite  Pentaerythrityl Tetra-Di-T-Butyl Hydroxyhydrocinnamate  Phenoxyethanol  Tocopheryl Acetate  Alumina  PEG/PPG-18/18 Dimethicone  Talc  Propylene Carbonate  Calcium Aluminum Borosilicate  Synthetic Fluorphlogopite  Cetyl Alcohol  Caprylyl Glycol  Disodium EDTA  Caprylic/Capric Triglyceride  Cocos Nucifera Fruit Juice/Coconut Fruit Juice  Sodium Lauryl Sulfate  Thylhexyl Hydroxystearate  Calcium Sodium Borosilicate  Sodium Hyaluronate  Sodium Saccharin  Passiflora Edulis Seed Oil  Disodium Stearoyl Glutamate  Magnesium Silicate  Coriandrum Sativum Fruit Oil/Coriander Fruit Oil  Simmondsia Chinensis Oil/ Jojoba Seed Oil  Triethoxysilylethyl Polydimethylsiloxyethyl Dimethicone  Isopropyl Titanium Triisostearate  Silica  Aluminum Hydroxide  Tin Oxide  Citric Acid  Punica Granatum Extract  Tocopherol  Sodium Benzoate  Potassium Sorbate  Fragrance  May Contain:Iron Oxides (Ci 77491  Ci 77492  Ci 77499)  Red 7 (Ci 15850)  Titanium Dioxide (Ci 77891)  Red 28 Lake (Ci 45410)  Red 22 Lake (Ci 45380)  Ultramarines (Ci 77007)  Bismuth Oxychloride (Ci 77163)  Yellow 6 Lake (Ci 15985)  Manganese Violet (Ci 77742)  Mica  Yellow 5 Lake (Ci 19140)  Barium Sulfate (Ci 77120)  Blue 1 Lake (Ci 42090)  Carmine (Ci 75470),2
"Yves Saint Laurent Volupte Liquid Color Balm, 10 Devour Me Plum (2019",Lip Balm,Water  Prunus Armeniaca Kernel Oil/Apricot Kernel Oil  Bis-Diglyceryl Polyacyladipate-2  Phenyl Trimethicone  Polyglyceryl-3 Beeswax  Butyrospermum Parkii Butter/Shea Butter  Cyclohexasiloxane  Petrolatum  Cetyl PEG/PPG-10/1 Dimethicone  Macadamia Ternifolia Seed Oil  Glycerin  Hydrogenated Polyisobutene  Pentylene Glycol  Polyglyceryl-4 Isostearate  Ethylcellulose  Dimethicone  Propylene Glycol  Magnesium Sulfate  Disteardimonium Hectorite  Pentaerythrityl Tetra-Di-T-Butyl Hydroxyhydrocinnamate  Phenoxyethanol  Tocopheryl Acetate  Alumina  PEG/PPG-18/18 Dimethicone  Talc  Propylene Carbonate  Calcium Aluminum Borosilicate  Synthetic Fluorphlogopite  Cetyl Alcohol  Caprylyl Glycol  Disodium EDTA  Caprylic/Capric Triglyceride  Cocos Nucifera Fruit Juice/Coconut Fruit Juice  Sodium Lauryl Sulfate  Thylhexyl Hydroxystearate  Calcium Sodium Borosilicate  Sodium Hyaluronate  Sodium Saccharin  Passiflora Edulis Seed Oil  Disodium Stearoyl Glutamate  Magnesium Silicate  Coriandrum Sativum Fruit Oil/Coriander Fruit Oil  Simmondsia Chinensis Oil/ Jojoba Seed Oil  Triethoxysilylethyl Polydimethylsiloxyethyl Dimethicone  Isopropyl Titanium Triisostearate  Silica  Aluminum Hydroxide  Tin Oxide  Citric Acid  Punica Granatum Extract  Tocopherol  Sodium Benzoate  Potassium Sorbate  Fragrance  May Contain:Iron Oxides (Ci 77491  Ci 77492  Ci 77499)  Red 7 (Ci 15850)  Titanium Dioxide (Ci 77891)  Red 28 Lake (Ci 45410)  Red 22 Lake (Ci 45380)  Ultramarines (Ci 77007)  Bismuth Oxychloride (Ci 77163)  Yellow 6 Lake (Ci 15985)  Manganese Violet (Ci 77742)  Mica  Yellow 5 Lake (Ci 19140)  Barium Sulfate (Ci 77120)  Blue 1 Lake (Ci 42090)  Carmine (Ci 75470),2
"Yuni Chillax Muscle Recovery Gel Cools, Soothes Sore Spots & Tension With",Body Firming Lotion,WATER  ALOE BARBADENSIS LEAF JUICE  GLYCERIN  MENTHOL  MENTHA PIPERITA (PEPPERMINT) OIL  GLYCERYL STEARATE SE  CETEARYL OLIVATE  SORBITAN OLIVATE  ARNICA MONTANA FLOWER EXTRACT  CAPSICUM FRUTESCENS FRUIT EXTRACT  CAMELLIA SINENSIS LEAF EXTRACT  EUCALYPTUS GLOBULUS LEAF OIL  LAVANDULA ANGUSTIFOLIA (LAVENDER) OIL  ARGININE  CAPRYLIC/CAPRIC TRIGLYCERIDE  TOCOPHERYL ACETATE  MENTHYL LACTATE  CARBOMER  FRAGRANCE*  GLUCONOLACTONE  SODIUM BENZOATE  LIMONENE**  COUMARIN**  GERANIOL**  LINALOOL**  BENZYL BENZOATE**  CITRAL**  GERANIOL**  HYDROXYCITRONELLAL**.,2
Yuni Beauty Chillax Muscle Recovery Gel (2020 formulation) Rating,Muscle/Joint Soreness,Water  Aloe Barbadensis Leaf Juice  Glycerin  Menthol  Mentha Piperita (Peppermint) Oil  Glyceryl Stearate SE  Cetearyl Olivate  Sorbitan Olivate  Arnica Montana Flower Extract  Capsicum Frutescens Fruit Extract  Camellia Sinensis Leaf Extract  Eucalyptus Globulus Leaf Oil  Lavandula Angustifolia (Lavender) Oil  Arginine  Caprylic/Capric Triglyceride  Tocopheryl Acetate  Menthyl Lactate  Carbomer  Fragrance  Gluconolactone  Sodium Benzoate.,2
Yu-Be Moisturizing Skin Cream Rating,Lip Balm,GLYCERIN  AQUA (WATER)  ISOPROPYL MYRISTATE  STEARIC ACID  GLYCERYL STEARATE SE  TRIETHANOLAMINE  TOCOPHERYL ACETATE  GLYCYRRHETINIC ACID  CAMPHOR  RIBOFLAVIN  HYDROGENATED COCO-GLYCERIDES  STEARYL ALCOHOL  POLYSORBATE 80  DISODIUM EDTA  ASCORBIC ACID  SODIUM HYALURONATE.,2
Young Living Thieves Waterless Hand Purifier (2019 formulation) Rating,Hand Sanitizer,"Denatured alcohol 
Water 
Aloe barbadensis leaf powder 
Glycerin 
Hydroxypropyl cellulose 
Mentha piperita (Peppermint) oil 
Eugenia caryophyllus (Clove) bud oil 
Citrus limon (Lemon) peel oil 
Eucalyptus radiata leaf oil 
Rosmarinus officinalis (Rosemary) leaf oil 
Cinnamomum zeylanicum (Cinnamon) bark oil",2
"Young Living Thieves Toothpaste, Dentarome Ultra (2019 formulation)",Toothpaste,"Calcium carbonate 
Water 
Zinc oxide 
Xylitol 
Glycerin 
Xanthan gum 
Lecithin  Mentha piperita (Peppermint) oil 
Caprylic/capric triglyceride 
Papain 
Zinc citrate 
Eugenia caryophyllus (Clove) bud oil 
Stevioside  Thymus vulgaris (Thyme) oil 
Eucalyptus globulus leaf/twig oil 
Citrus limon (Lemon) peel oil 
Cinnamomum zeylanicum (Cinnamon) bark oil 
Gaultheria procumbens (Wintergreen) leaf oil 
Eucalyptus radiata leaf oil 
Rosmarinus officinalis (Rosemary) leaf oil 
Tocopherol",2
"Young Living Thieves Toothpaste, AromaBright (2019 formulation) Rating",Toothpaste,Water  Calcium carbonate  Cocos nucifera (Coconut) oil  Sodium bicarbonate  Glycerin  Xylitol  Xanthum gum  Mentha piperita (Peppermint) oil  Mentha spicata (Spearmint) leaf oil  Stevia rebaudiana leaf extract  Lecithin  Eugenia caryophyllus (Clove) bud oil  Ocotea quixos (Ocotea) leaf oil  Cinnamomum verum (Cinnamon) Bark oil  Citrus limon (Lemon) peel oil  Eucalyptus Radiata leaf oil  Rosmarinus officinalis (Rosemary) leaf oil,2
Young Living LavaMint Softening Foot Scrub (2019 formulation) Rating,Foot Moisturizer,Caprylic/capric triglyceride  Glycerin  Squalane  Water  Polyglyceryl-10 laurate  Diatomaceous earth  Cocos nucifera (Coconut) shell powder  Leuconostoc/radish root ferment filtrate  Volcanic sand  Pumice  Mentha piperita (Peppermint) oil  Lavandula angustifolia (Lavender) oil  Mentha spicata (Spearmint) leaf extract,2
Young Living KidScents Slique Toothpaste (2019 formulation) Rating,Toothpaste,Water  Calcium carbonate  Cocos nucifera (Coconut) oil  Sodium bicarbonate  Glycerin*  Xylitol  Xanthum gum  Citrus paradise (Grapefruit) peel oil  Stevia rebaudiana leaf extract  Citrus reticulate (Tangerine) oil  Mentha spicata (Spearmint) leaf oil  Citrus limon (Lemon) peel oil  Lecithin*  Ocotea quixos (Ocotea) leaf oil  Eugenia caryophyllus (Clove) bud oil  Cinnamomum zeylanicum (Cinnamon) bark oil  Eucalyptus radiate leaf oil  Rosmarinus officinalis (Rosemary) leaf oil.,2
"Young Living Foaming Hand Soap, Lavender (2019 formulation) Rating",Liquid Hand Soap,Water  Decyl Glucoside  Cocomidopropyl Hydroxysultaine  Lavandula Angustifolia (Lavender) oil  Commipihora Myrrha (Myrrh) resin oil  Camellia Sinensis (Green Tea) Leaf Extract  Retinyl Palmitate (Vitamin A)  Aloe Barbadensis (Aloe Vera) Leaf Juice  Citrus Limon (Lemon) oil  p-Anisic  Tocopheryl Acetate (Vitamin E)  Ginkgo Biloba Leaf Extract  Glycerin  Citric Acid  Levulinic Acid  Phytic Acid  Cetyl Hydroxyethylcellulose  Sodium Hydroxide  and Potassium Sorbate.,2
Yesto PrimRose Oil Coriander Liquid Hand Soap (2019 formulation) Rating,Liquid Hand Soap,WATER (AQUA)  COCAMIDOPROPYL BETAINE  SODIUM COCO-SULFATE  GLYCERIN  OENOTHERA BIENNIS (EVENING PRIMROSE) OIL  CORIANDRUM SATIVUM (CORIANDER) LEAF EXTRACT  GLYCERYL UNDECYLENATE  GLYCERYL CAPRYLATE  SODIUM CHLORIDE  GLYCOL STEARATE  TETRASODIUM GLUTAMATE DIACETATE  CITRIC ACID  POTASSIUM SORBATE  SODIUM BENZOATE  PHENOXYETHANOL  FRAGRANCE (PARFUM)  BENZYL BENZOATE  CITRONELLOL  GERANIOL  HYDROXYISOHEXYL 3-CYCLOHEXENE CARBOXALDEHYDE  LIMONENE  LINALOOL.,2
